checking_status,duration_months,credit_history,purpose,credit_amount,savings_status,employment_since,installment_rate,personal_status_sex,other_debtors,residence_since,property,age,other_installment_plans,housing,existing_credits,job,num_dependents,telephone,foreign_worker,risk,age_group,credit_per_month
< 0 DM,6,critical / other credits existing,radio/tv,1169,unknown / no savings account,>= 7 years,4,male: single,none,4,real estate,67,none,own,2,skilled employee/official,1,yes,yes,Good,56+,194.83
0 - 200 DM,48,existing credits paid duly,radio/tv,5951,< 100 DM,1 - 4 years,2,female: divorced/separated/married,none,2,real estate,22,none,own,1,skilled employee/official,1,none,yes,Bad,19-25,123.98
no checking account,12,critical / other credits existing,education,2096,< 100 DM,4 - 7 years,2,male: single,none,3,real estate,49,none,own,1,unskilled resident,2,none,yes,Good,46-55,174.67
< 0 DM,42,existing credits paid duly,furniture/equipment,7882,< 100 DM,4 - 7 years,2,male: single,guarantor,4,building society/life insurance,45,none,for free,1,skilled employee/official,2,none,yes,Good,36-45,187.67
< 0 DM,24,delay in past,car (new),4870,< 100 DM,1 - 4 years,3,male: single,none,4,unknown / none,53,none,for free,2,skilled employee/official,2,none,yes,Bad,46-55,202.92
no checking account,36,existing credits paid duly,education,9055,unknown / no savings account,1 - 4 years,2,male: single,none,4,unknown / none,35,none,for free,1,unskilled resident,2,yes,yes,Good,26-35,251.53
no checking account,24,existing credits paid duly,furniture/equipment,2835,500 - 1000 DM,>= 7 years,3,male: single,none,4,building society/life insurance,53,none,own,1,skilled employee/official,1,none,yes,Good,46-55,118.12
0 - 200 DM,36,existing credits paid duly,car (used),6948,< 100 DM,1 - 4 years,2,male: single,none,2,car or other property,35,none,rent,1,management/self-employed/highly qualified,1,yes,yes,Good,26-35,193.0
no checking account,12,existing credits paid duly,radio/tv,3059,>= 1000 DM,4 - 7 years,2,male: divorced/separated,none,4,real estate,61,none,own,1,unskilled resident,1,none,yes,Good,56+,254.92
0 - 200 DM,30,critical / other credits existing,car (new),5234,< 100 DM,unemployed,4,male: married/widowed,none,2,car or other property,28,none,own,2,management/self-employed/highly qualified,1,none,yes,Bad,26-35,174.47
0 - 200 DM,12,existing credits paid duly,car (new),1295,< 100 DM,< 1 year,3,female: divorced/separated/married,none,1,car or other property,25,none,rent,1,skilled employee/official,1,none,yes,Bad,19-25,107.92
< 0 DM,48,existing credits paid duly,business,4308,< 100 DM,< 1 year,3,female: divorced/separated/married,none,4,building society/life insurance,24,none,rent,1,skilled employee/official,1,none,yes,Bad,19-25,89.75
0 - 200 DM,12,existing credits paid duly,radio/tv,1567,< 100 DM,1 - 4 years,1,female: divorced/separated/married,none,1,car or other property,22,none,own,1,skilled employee/official,1,yes,yes,Good,19-25,130.58
< 0 DM,24,critical / other credits existing,car (new),1199,< 100 DM,>= 7 years,4,male: single,none,4,car or other property,60,none,own,2,unskilled resident,1,none,yes,Bad,56+,49.96
< 0 DM,15,existing credits paid duly,car (new),1403,< 100 DM,1 - 4 years,2,female: divorced/separated/married,none,4,car or other property,28,none,rent,1,skilled employee/official,1,none,yes,Good,26-35,93.53
< 0 DM,24,existing credits paid duly,radio/tv,1282,100 - 500 DM,1 - 4 years,4,female: divorced/separated/married,none,2,car or other property,32,none,own,1,unskilled resident,1,none,yes,Bad,26-35,53.42
no checking account,24,critical / other credits existing,radio/tv,2424,unknown / no savings account,>= 7 years,4,male: single,none,4,building society/life insurance,53,none,own,2,skilled employee/official,1,none,yes,Good,46-55,101.0
< 0 DM,30,no credits / all paid duly,business,8072,unknown / no savings account,< 1 year,2,male: single,none,3,car or other property,25,bank,own,3,skilled employee/official,1,none,yes,Good,19-25,269.07
0 - 200 DM,24,existing credits paid duly,car (used),12579,< 100 DM,>= 7 years,4,female: divorced/separated/married,none,2,unknown / none,44,none,for free,1,management/self-employed/highly qualified,1,yes,yes,Bad,36-45,524.12
no checking account,24,existing credits paid duly,radio/tv,3430,500 - 1000 DM,>= 7 years,3,male: single,none,2,car or other property,31,none,own,1,skilled employee/official,2,yes,yes,Good,26-35,142.92
no checking account,9,critical / other credits existing,car (new),2134,< 100 DM,1 - 4 years,4,male: single,none,4,car or other property,48,none,own,3,skilled employee/official,1,yes,yes,Good,46-55,237.11
< 0 DM,6,existing credits paid duly,radio/tv,2647,500 - 1000 DM,1 - 4 years,2,male: single,none,3,real estate,44,none,rent,1,skilled employee/official,2,none,yes,Good,36-45,441.17
< 0 DM,10,critical / other credits existing,car (new),2241,< 100 DM,< 1 year,1,male: single,none,3,real estate,48,none,rent,2,unskilled resident,2,none,no,Good,46-55,224.1
0 - 200 DM,12,critical / other credits existing,car (used),1804,100 - 500 DM,< 1 year,3,male: single,none,4,building society/life insurance,44,none,own,1,skilled employee/official,1,none,yes,Good,36-45,150.33
no checking account,10,critical / other credits existing,furniture/equipment,2069,unknown / no savings account,1 - 4 years,2,male: married/widowed,none,1,car or other property,26,none,own,2,skilled employee/official,1,none,no,Good,26-35,206.9
< 0 DM,6,existing credits paid duly,furniture/equipment,1374,< 100 DM,1 - 4 years,1,male: single,none,2,real estate,36,bank,own,1,unskilled resident,1,yes,yes,Good,36-45,229.0
no checking account,6,no credits / all paid duly,radio/tv,426,< 100 DM,>= 7 years,4,male: married/widowed,none,4,car or other property,39,none,own,1,unskilled resident,1,none,yes,Good,36-45,71.0
>= 200 DM,12,all credits at this bank paid duly,radio/tv,409,>= 1000 DM,1 - 4 years,3,female: divorced/separated/married,none,3,real estate,42,none,rent,2,skilled employee/official,1,none,yes,Good,36-45,34.08
0 - 200 DM,7,existing credits paid duly,radio/tv,2415,< 100 DM,1 - 4 years,3,male: single,guarantor,2,real estate,34,none,own,1,skilled employee/official,1,none,yes,Good,26-35,345.0
< 0 DM,60,delay in past,business,6836,< 100 DM,>= 7 years,3,male: single,none,4,unknown / none,63,none,own,2,skilled employee/official,1,yes,yes,Bad,56+,113.93
0 - 200 DM,18,existing credits paid duly,business,1913,>= 1000 DM,< 1 year,3,male: married/widowed,none,3,real estate,36,bank,own,1,skilled employee/official,1,yes,yes,Good,36-45,106.28
< 0 DM,24,existing credits paid duly,furniture/equipment,4020,< 100 DM,1 - 4 years,2,male: single,none,2,car or other property,27,stores,own,1,skilled employee/official,1,none,yes,Good,26-35,167.5
0 - 200 DM,18,existing credits paid duly,car (new),5866,100 - 500 DM,1 - 4 years,2,male: single,none,2,car or other property,30,none,own,2,skilled employee/official,1,yes,yes,Good,26-35,325.89
no checking account,12,critical / other credits existing,business,1264,unknown / no savings account,>= 7 years,4,male: single,none,4,unknown / none,57,none,rent,1,unskilled resident,1,none,yes,Good,56+,105.33
>= 200 DM,12,existing credits paid duly,furniture/equipment,1474,< 100 DM,< 1 year,4,female: divorced/separated/married,none,1,building society/life insurance,33,bank,own,1,management/self-employed/highly qualified,1,yes,yes,Good,26-35,122.83
0 - 200 DM,45,critical / other credits existing,radio/tv,4746,< 100 DM,< 1 year,4,male: single,none,2,building society/life insurance,25,none,own,2,unskilled resident,1,none,yes,Bad,19-25,105.47
no checking account,48,critical / other credits existing,education,6110,< 100 DM,1 - 4 years,1,male: single,none,3,unknown / none,31,bank,for free,1,skilled employee/official,1,yes,yes,Good,26-35,127.29
>= 200 DM,18,existing credits paid duly,radio/tv,2100,< 100 DM,1 - 4 years,4,male: single,co-applicant,2,real estate,37,stores,own,1,skilled employee/official,1,none,yes,Bad,36-45,116.67
>= 200 DM,10,existing credits paid duly,domestic appliances,1225,< 100 DM,1 - 4 years,2,male: single,none,2,car or other property,37,none,own,1,skilled employee/official,1,yes,yes,Good,36-45,122.5
0 - 200 DM,9,existing credits paid duly,radio/tv,458,< 100 DM,1 - 4 years,4,male: single,none,3,real estate,24,none,own,1,skilled employee/official,1,none,yes,Good,19-25,50.89
no checking account,30,existing credits paid duly,radio/tv,2333,500 - 1000 DM,>= 7 years,4,male: single,none,2,car or other property,30,bank,own,1,management/self-employed/highly qualified,1,none,yes,Good,26-35,77.77
0 - 200 DM,12,existing credits paid duly,radio/tv,1158,500 - 1000 DM,1 - 4 years,3,male: divorced/separated,none,1,car or other property,26,none,own,1,skilled employee/official,1,yes,yes,Good,26-35,96.5
0 - 200 DM,18,delay in past,repairs,6204,< 100 DM,1 - 4 years,2,male: single,none,4,real estate,44,none,own,1,unskilled resident,2,yes,yes,Good,36-45,344.67
< 0 DM,30,critical / other credits existing,car (used),6187,100 - 500 DM,4 - 7 years,1,male: married/widowed,none,4,car or other property,24,none,rent,2,skilled employee/official,1,none,yes,Good,19-25,206.23
< 0 DM,48,critical / other credits existing,car (used),6143,< 100 DM,>= 7 years,4,female: divorced/separated/married,none,4,unknown / none,58,stores,for free,2,unskilled resident,1,none,yes,Bad,56+,127.98
no checking account,11,critical / other credits existing,car (new),1393,< 100 DM,< 1 year,4,female: divorced/separated/married,none,4,car or other property,35,none,own,2,management/self-employed/highly qualified,1,none,yes,Good,26-35,126.64
no checking account,36,existing credits paid duly,radio/tv,2299,500 - 1000 DM,>= 7 years,4,male: single,none,4,car or other property,39,none,own,1,skilled employee/official,1,none,yes,Good,36-45,63.86
< 0 DM,6,existing credits paid duly,car (used),1352,500 - 1000 DM,unemployed,1,female: divorced/separated/married,none,2,building society/life insurance,23,none,rent,1,unemployed/unskilled non-resident,1,yes,yes,Good,19-25,225.33
no checking account,11,critical / other credits existing,car (new),7228,< 100 DM,1 - 4 years,1,male: single,none,4,building society/life insurance,39,none,own,2,unskilled resident,1,none,yes,Good,36-45,657.09
no checking account,12,existing credits paid duly,radio/tv,2073,100 - 500 DM,1 - 4 years,4,female: divorced/separated/married,co-applicant,2,real estate,28,none,own,1,skilled employee/official,1,none,yes,Good,26-35,172.75
0 - 200 DM,24,delay in past,furniture/equipment,2333,unknown / no savings account,< 1 year,4,male: single,none,2,building society/life insurance,29,bank,own,1,unskilled resident,1,none,yes,Good,26-35,97.21
0 - 200 DM,27,delay in past,car (used),5965,< 100 DM,>= 7 years,1,male: single,none,2,car or other property,30,none,own,2,management/self-employed/highly qualified,1,yes,yes,Good,26-35,220.93
no checking account,12,existing credits paid duly,radio/tv,1262,< 100 DM,1 - 4 years,3,male: single,none,2,car or other property,25,none,own,1,skilled employee/official,1,none,yes,Good,19-25,105.17
no checking account,18,existing credits paid duly,car (used),3378,unknown / no savings account,1 - 4 years,2,male: single,none,1,building society/life insurance,31,none,own,1,skilled employee/official,1,yes,yes,Good,26-35,187.67
0 - 200 DM,36,delay in past,car (new),2225,< 100 DM,>= 7 years,4,male: single,none,4,unknown / none,57,bank,for free,2,skilled employee/official,1,yes,yes,Bad,56+,61.81
no checking account,6,all credits at this bank paid duly,car (new),783,unknown / no savings account,1 - 4 years,1,male: single,guarantor,2,real estate,26,stores,own,1,unskilled resident,2,none,yes,Good,26-35,130.5
0 - 200 DM,12,existing credits paid duly,radio/tv,6468,unknown / no savings account,unemployed,2,male: single,none,1,unknown / none,52,none,own,1,management/self-employed/highly qualified,1,yes,yes,Bad,46-55,539.0
no checking account,36,critical / other credits existing,radio/tv,9566,< 100 DM,1 - 4 years,2,female: divorced/separated/married,none,2,car or other property,31,stores,own,2,skilled employee/official,1,none,yes,Good,26-35,265.72
>= 200 DM,18,existing credits paid duly,car (new),1961,< 100 DM,>= 7 years,3,female: divorced/separated/married,none,2,car or other property,23,none,own,1,management/self-employed/highly qualified,1,none,yes,Good,19-25,108.94
< 0 DM,36,critical / other credits existing,furniture/equipment,6229,< 100 DM,< 1 year,4,female: divorced/separated/married,co-applicant,4,unknown / none,23,none,rent,2,unskilled resident,1,yes,yes,Bad,19-25,173.03
0 - 200 DM,9,existing credits paid duly,business,1391,< 100 DM,1 - 4 years,2,male: married/widowed,none,1,real estate,27,bank,own,1,skilled employee/official,1,yes,yes,Good,26-35,154.56
0 - 200 DM,15,critical / other credits existing,radio/tv,1537,unknown / no savings account,>= 7 years,4,male: single,guarantor,4,real estate,50,none,own,2,skilled employee/official,1,yes,yes,Good,46-55,102.47
0 - 200 DM,36,no credits / all paid duly,business,1953,< 100 DM,>= 7 years,4,male: single,none,4,unknown / none,61,none,for free,1,management/self-employed/highly qualified,1,yes,yes,Bad,56+,54.25
0 - 200 DM,48,no credits / all paid duly,business,14421,< 100 DM,1 - 4 years,2,male: single,none,2,car or other property,25,none,own,1,skilled employee/official,1,yes,yes,Bad,19-25,300.44
no checking account,24,existing credits paid duly,radio/tv,3181,< 100 DM,< 1 year,4,female: divorced/separated/married,none,4,building society/life insurance,26,none,own,1,skilled employee/official,1,yes,yes,Good,26-35,132.54
no checking account,27,existing credits paid duly,repairs,5190,unknown / no savings account,>= 7 years,4,male: single,none,4,building society/life insurance,48,none,own,4,skilled employee/official,2,yes,yes,Good,46-55,192.22
no checking account,12,existing credits paid duly,radio/tv,2171,< 100 DM,< 1 year,2,female: divorced/separated/married,none,2,car or other property,29,bank,own,1,skilled employee/official,1,none,yes,Good,26-35,180.92
0 - 200 DM,12,existing credits paid duly,car (new),1007,>= 1000 DM,1 - 4 years,4,male: married/widowed,none,1,real estate,22,none,own,1,skilled employee/official,1,none,yes,Good,19-25,83.92
no checking account,36,existing credits paid duly,education,1819,< 100 DM,1 - 4 years,4,male: single,none,4,unknown / none,37,stores,for free,1,skilled employee/official,1,yes,yes,Bad,36-45,50.53
no checking account,36,existing credits paid duly,radio/tv,2394,unknown / no savings account,1 - 4 years,4,female: divorced/separated/married,none,4,car or other property,25,none,own,1,skilled employee/official,1,none,yes,Good,19-25,66.5
no checking account,36,existing credits paid duly,car (used),8133,< 100 DM,1 - 4 years,1,female: divorced/separated/married,none,2,building society/life insurance,30,bank,own,1,skilled employee/official,1,none,yes,Good,26-35,225.92
no checking account,7,critical / other credits existing,radio/tv,730,unknown / no savings account,>= 7 years,4,male: single,none,2,building society/life insurance,46,none,rent,2,unskilled resident,1,yes,yes,Good,46-55,104.29
< 0 DM,8,critical / other credits existing,other,1164,< 100 DM,>= 7 years,3,male: single,none,4,unknown / none,51,bank,for free,2,management/self-employed/highly qualified,2,yes,yes,Good,46-55,145.5
0 - 200 DM,42,critical / other credits existing,business,5954,< 100 DM,4 - 7 years,2,female: divorced/separated/married,none,1,real estate,41,bank,own,2,unskilled resident,1,none,yes,Good,36-45,141.76
< 0 DM,36,existing credits paid duly,education,1977,unknown / no savings account,>= 7 years,4,male: single,none,4,unknown / none,40,none,own,1,management/self-employed/highly qualified,1,yes,yes,Bad,36-45,54.92
< 0 DM,12,critical / other credits existing,car (used),1526,< 100 DM,>= 7 years,4,male: single,none,4,unknown / none,66,none,for free,2,management/self-employed/highly qualified,1,none,yes,Good,56+,127.17
< 0 DM,42,existing credits paid duly,radio/tv,3965,< 100 DM,< 1 year,4,male: single,none,3,car or other property,34,none,own,1,skilled employee/official,1,none,yes,Bad,26-35,94.4
0 - 200 DM,11,delay in past,radio/tv,4771,< 100 DM,4 - 7 years,2,male: single,none,4,building society/life insurance,51,none,own,1,skilled employee/official,1,none,yes,Good,46-55,433.73
no checking account,54,no credits / all paid duly,car (used),9436,unknown / no savings account,1 - 4 years,2,male: single,none,2,building society/life insurance,39,none,own,1,unskilled resident,2,none,yes,Good,36-45,174.74
0 - 200 DM,30,existing credits paid duly,furniture/equipment,3832,< 100 DM,< 1 year,2,male: married/widowed,none,1,building society/life insurance,22,none,own,1,skilled employee/official,1,none,yes,Good,19-25,127.73
no checking account,24,existing credits paid duly,radio/tv,5943,unknown / no savings account,< 1 year,1,female: divorced/separated/married,none,1,car or other property,44,none,own,2,skilled employee/official,1,yes,yes,Bad,36-45,247.62
no checking account,15,existing credits paid duly,radio/tv,1213,500 - 1000 DM,>= 7 years,4,male: single,none,3,building society/life insurance,47,stores,own,1,skilled employee/official,1,yes,yes,Good,46-55,80.87
no checking account,18,existing credits paid duly,business,1568,100 - 500 DM,1 - 4 years,3,female: divorced/separated/married,none,4,building society/life insurance,24,none,rent,1,unskilled resident,1,none,yes,Good,19-25,87.11
< 0 DM,24,existing credits paid duly,other,1755,< 100 DM,>= 7 years,4,female: divorced/separated/married,guarantor,4,real estate,58,none,own,1,unskilled resident,1,yes,yes,Good,56+,73.12
< 0 DM,10,existing credits paid duly,radio/tv,2315,< 100 DM,>= 7 years,3,male: single,none,4,real estate,52,none,own,1,unskilled resident,1,none,yes,Good,46-55,231.5
no checking account,12,critical / other credits existing,business,1412,< 100 DM,1 - 4 years,4,female: divorced/separated/married,guarantor,2,real estate,29,none,own,2,management/self-employed/highly qualified,1,yes,yes,Good,26-35,117.67
0 - 200 DM,18,critical / other credits existing,furniture/equipment,1295,< 100 DM,< 1 year,4,female: divorced/separated/married,none,1,building society/life insurance,27,none,own,2,skilled employee/official,1,none,yes,Good,26-35,71.94
0 - 200 DM,36,existing credits paid duly,education,12612,100 - 500 DM,1 - 4 years,1,male: single,none,4,unknown / none,47,none,for free,1,skilled employee/official,2,yes,yes,Bad,46-55,350.33
< 0 DM,18,existing credits paid duly,car (new),2249,100 - 500 DM,4 - 7 years,4,male: single,none,3,car or other property,30,none,own,1,management/self-employed/highly qualified,2,yes,yes,Good,26-35,124.94
< 0 DM,12,no credits / all paid duly,repairs,1108,< 100 DM,4 - 7 years,4,male: single,none,3,real estate,28,none,own,2,skilled employee/official,1,none,yes,Bad,26-35,92.33
no checking account,12,critical / other credits existing,radio/tv,618,< 100 DM,>= 7 years,4,male: single,none,4,real estate,56,none,own,1,skilled employee/official,1,none,yes,Good,56+,51.5
< 0 DM,12,critical / other credits existing,car (used),1409,< 100 DM,>= 7 years,4,male: single,none,3,real estate,54,none,own,1,skilled employee/official,1,none,yes,Good,46-55,117.42
no checking account,12,critical / other credits existing,radio/tv,797,unknown / no savings account,>= 7 years,4,female: divorced/separated/married,none,3,building society/life insurance,33,bank,own,1,unskilled resident,2,none,yes,Bad,26-35,66.42
>= 200 DM,24,critical / other credits existing,furniture/equipment,3617,unknown / no savings account,>= 7 years,4,male: single,co-applicant,4,unknown / none,20,none,rent,2,skilled employee/official,1,none,yes,Good,19-25,150.71
0 - 200 DM,12,existing credits paid duly,car (new),1318,>= 1000 DM,>= 7 years,4,male: single,none,4,real estate,54,none,own,1,skilled employee/official,1,yes,yes,Good,46-55,109.83
0 - 200 DM,54,no credits / all paid duly,business,15945,< 100 DM,< 1 year,3,male: single,none,4,unknown / none,58,none,rent,1,skilled employee/official,1,yes,yes,Bad,56+,295.28
no checking account,12,critical / other credits existing,education,2012,unknown / no savings account,4 - 7 years,4,female: divorced/separated/married,none,2,car or other property,61,none,own,1,skilled employee/official,1,none,yes,Good,56+,167.67
0 - 200 DM,18,existing credits paid duly,business,2622,100 - 500 DM,1 - 4 years,4,male: single,none,4,car or other property,34,none,own,1,skilled employee/official,1,none,yes,Good,26-35,145.67
0 - 200 DM,36,critical / other credits existing,radio/tv,2337,< 100 DM,>= 7 years,4,male: single,none,4,real estate,36,none,own,1,skilled employee/official,1,none,yes,Good,36-45,64.92
0 - 200 DM,20,delay in past,car (used),7057,unknown / no savings account,4 - 7 years,3,male: single,none,4,building society/life insurance,36,bank,rent,2,management/self-employed/highly qualified,2,yes,yes,Good,36-45,352.85
no checking account,24,existing credits paid duly,car (new),1469,100 - 500 DM,>= 7 years,4,male: married/widowed,none,4,real estate,41,none,rent,1,unskilled resident,1,none,yes,Good,36-45,61.21
0 - 200 DM,36,existing credits paid duly,radio/tv,2323,< 100 DM,4 - 7 years,4,male: single,none,4,car or other property,24,none,rent,1,skilled employee/official,1,none,yes,Good,19-25,64.53
no checking account,6,delay in past,radio/tv,932,< 100 DM,1 - 4 years,3,female: divorced/separated/married,none,2,real estate,24,none,own,1,skilled employee/official,1,none,yes,Good,19-25,155.33
0 - 200 DM,9,critical / other credits existing,furniture/equipment,1919,< 100 DM,4 - 7 years,4,male: single,none,3,car or other property,35,none,rent,1,skilled employee/official,1,yes,yes,Good,26-35,213.22
no checking account,12,existing credits paid duly,car (used),2445,unknown / no savings account,< 1 year,2,male: married/widowed,none,4,car or other property,26,none,rent,1,skilled employee/official,1,yes,yes,Good,26-35,203.75
0 - 200 DM,24,critical / other credits existing,other,11938,< 100 DM,1 - 4 years,2,male: single,co-applicant,3,car or other property,39,none,own,2,management/self-employed/highly qualified,2,yes,yes,Bad,36-45,497.42
no checking account,18,all credits at this bank paid duly,car (new),6458,< 100 DM,>= 7 years,2,male: single,none,4,unknown / none,39,bank,own,2,management/self-employed/highly qualified,2,yes,yes,Bad,36-45,358.78
0 - 200 DM,12,existing credits paid duly,car (new),6078,< 100 DM,4 - 7 years,2,male: single,none,2,car or other property,32,none,own,1,skilled employee/official,1,none,yes,Good,26-35,506.5
< 0 DM,24,existing credits paid duly,furniture/equipment,7721,unknown / no savings account,< 1 year,1,female: divorced/separated/married,none,2,building society/life insurance,30,none,own,1,skilled employee/official,1,yes,no,Good,26-35,321.71
0 - 200 DM,14,existing credits paid duly,business,1410,500 - 1000 DM,>= 7 years,1,male: married/widowed,none,2,real estate,35,none,own,1,skilled employee/official,1,yes,yes,Good,26-35,100.71
0 - 200 DM,6,delay in past,business,1449,100 - 500 DM,>= 7 years,1,male: divorced/separated,none,2,car or other property,31,bank,own,2,skilled employee/official,2,none,yes,Good,26-35,241.5
>= 200 DM,15,existing credits paid duly,education,392,< 100 DM,< 1 year,4,female: divorced/separated/married,none,4,building society/life insurance,23,none,rent,1,skilled employee/official,1,yes,yes,Good,19-25,26.13
0 - 200 DM,18,existing credits paid duly,car (new),6260,< 100 DM,4 - 7 years,3,male: single,none,3,real estate,28,none,rent,1,unskilled resident,1,none,yes,Good,26-35,347.78
no checking account,36,critical / other credits existing,car (new),7855,< 100 DM,1 - 4 years,4,female: divorced/separated/married,none,2,real estate,25,stores,own,2,skilled employee/official,1,yes,yes,Bad,19-25,218.19
< 0 DM,12,existing credits paid duly,radio/tv,1680,500 - 1000 DM,>= 7 years,3,male: married/widowed,none,1,real estate,35,none,own,1,skilled employee/official,1,none,yes,Good,26-35,140.0
no checking account,48,critical / other credits existing,radio/tv,3578,unknown / no savings account,>= 7 years,4,male: single,none,1,real estate,47,none,own,1,skilled employee/official,1,yes,yes,Good,46-55,74.54
< 0 DM,42,existing credits paid duly,radio/tv,7174,unknown / no savings account,4 - 7 years,4,female: divorced/separated/married,none,3,car or other property,30,none,own,1,management/self-employed/highly qualified,1,yes,yes,Bad,26-35,170.81
< 0 DM,10,critical / other credits existing,furniture/equipment,2132,unknown / no savings account,< 1 year,2,female: divorced/separated/married,co-applicant,3,real estate,27,none,rent,2,skilled employee/official,1,none,no,Good,26-35,213.2
< 0 DM,33,critical / other credits existing,furniture/equipment,4281,500 - 1000 DM,1 - 4 years,1,female: divorced/separated/married,none,4,car or other property,23,none,own,2,skilled employee/official,1,none,yes,Bad,19-25,129.73
0 - 200 DM,12,critical / other credits existing,car (new),2366,500 - 1000 DM,4 - 7 years,3,male: divorced/separated,none,3,car or other property,36,none,own,1,management/self-employed/highly qualified,1,yes,yes,Good,36-45,197.17
< 0 DM,21,existing credits paid duly,radio/tv,1835,< 100 DM,1 - 4 years,3,female: divorced/separated/married,none,2,real estate,25,none,own,2,skilled employee/official,1,yes,yes,Bad,19-25,87.38
no checking account,24,critical / other credits existing,car (used),3868,< 100 DM,>= 7 years,4,female: divorced/separated/married,none,2,car or other property,41,none,rent,2,management/self-employed/highly qualified,1,yes,yes,Good,36-45,161.17
no checking account,12,existing credits paid duly,furniture/equipment,1768,< 100 DM,1 - 4 years,3,male: single,none,2,real estate,24,none,rent,1,unskilled resident,1,none,yes,Good,19-25,147.33
>= 200 DM,10,critical / other credits existing,car (new),781,< 100 DM,>= 7 years,4,male: single,none,4,unknown / none,63,none,for free,2,skilled employee/official,1,yes,yes,Good,56+,78.1
0 - 200 DM,18,existing credits paid duly,furniture/equipment,1924,unknown / no savings account,< 1 year,4,female: divorced/separated/married,none,3,real estate,27,none,rent,1,skilled employee/official,1,none,yes,Bad,26-35,106.89
< 0 DM,12,critical / other credits existing,car (new),2121,< 100 DM,1 - 4 years,4,male: single,none,2,building society/life insurance,30,none,own,2,skilled employee/official,1,none,yes,Good,26-35,176.75
< 0 DM,12,existing credits paid duly,radio/tv,701,< 100 DM,1 - 4 years,4,male: married/widowed,none,2,real estate,40,none,own,1,unskilled resident,1,none,yes,Good,36-45,58.42
0 - 200 DM,12,existing credits paid duly,repairs,639,< 100 DM,1 - 4 years,4,male: single,none,2,car or other property,30,none,own,1,skilled employee/official,1,none,yes,Bad,26-35,53.25
0 - 200 DM,12,critical / other credits existing,car (used),1860,< 100 DM,unemployed,4,male: single,none,2,car or other property,34,none,own,2,management/self-employed/highly qualified,1,yes,yes,Good,26-35,155.0
< 0 DM,12,critical / other credits existing,car (new),3499,< 100 DM,1 - 4 years,3,female: divorced/separated/married,co-applicant,2,real estate,29,none,own,2,skilled employee/official,1,none,yes,Bad,26-35,291.58
0 - 200 DM,48,existing credits paid duly,car (new),8487,unknown / no savings account,4 - 7 years,1,female: divorced/separated/married,none,2,car or other property,24,none,own,1,skilled employee/official,1,none,yes,Good,19-25,176.81
< 0 DM,36,delay in past,education,6887,< 100 DM,1 - 4 years,4,male: single,none,3,building society/life insurance,29,stores,own,1,skilled employee/official,1,yes,yes,Bad,26-35,191.31
no checking account,15,existing credits paid duly,furniture/equipment,2708,< 100 DM,< 1 year,2,male: single,none,3,building society/life insurance,27,bank,own,2,unskilled resident,1,none,yes,Good,26-35,180.53
no checking account,18,existing credits paid duly,furniture/equipment,1984,< 100 DM,1 - 4 years,4,male: single,none,4,unknown / none,47,bank,for free,2,skilled employee/official,1,none,yes,Good,46-55,110.22
no checking account,60,existing credits paid duly,radio/tv,10144,100 - 500 DM,4 - 7 years,2,female: divorced/separated/married,none,4,real estate,21,none,own,1,skilled employee/official,1,yes,yes,Good,19-25,169.07
no checking account,12,critical / other credits existing,radio/tv,1240,unknown / no savings account,>= 7 years,4,female: divorced/separated/married,none,2,real estate,38,none,own,2,skilled employee/official,1,yes,yes,Good,36-45,103.33
no checking account,27,delay in past,car (used),8613,>= 1000 DM,1 - 4 years,2,male: single,none,2,car or other property,27,none,own,2,skilled employee/official,1,none,yes,Good,26-35,319.0
0 - 200 DM,12,existing credits paid duly,radio/tv,766,500 - 1000 DM,1 - 4 years,4,male: single,none,3,real estate,66,none,own,1,unskilled resident,1,none,yes,Bad,56+,63.83
0 - 200 DM,15,critical / other credits existing,radio/tv,2728,unknown / no savings account,4 - 7 years,4,male: single,guarantor,2,real estate,35,bank,own,3,skilled employee/official,1,yes,yes,Good,26-35,181.87
>= 200 DM,12,existing credits paid duly,radio/tv,1881,< 100 DM,1 - 4 years,2,female: divorced/separated/married,none,2,car or other property,44,none,rent,1,unskilled resident,1,yes,yes,Good,36-45,156.75
>= 200 DM,6,existing credits paid duly,car (new),709,>= 1000 DM,< 1 year,2,male: married/widowed,none,2,real estate,27,none,own,1,unemployed/unskilled non-resident,1,none,no,Good,26-35,118.17
0 - 200 DM,36,existing credits paid duly,radio/tv,4795,< 100 DM,< 1 year,4,female: divorced/separated/married,none,1,unknown / none,30,none,own,1,management/self-employed/highly qualified,1,yes,yes,Good,26-35,133.19
< 0 DM,27,existing credits paid duly,radio/tv,3416,< 100 DM,1 - 4 years,3,male: single,none,2,car or other property,27,none,own,1,management/self-employed/highly qualified,1,none,yes,Good,26-35,126.52
< 0 DM,18,existing credits paid duly,furniture/equipment,2462,< 100 DM,1 - 4 years,2,male: single,none,2,car or other property,22,none,own,1,skilled employee/official,1,none,yes,Bad,19-25,136.78
no checking account,21,critical / other credits existing,furniture/equipment,2288,< 100 DM,< 1 year,4,female: divorced/separated/married,none,4,building society/life insurance,23,none,own,1,skilled employee/official,1,yes,yes,Good,19-25,108.95
0 - 200 DM,48,all credits at this bank paid duly,business,3566,100 - 500 DM,4 - 7 years,4,male: single,none,2,car or other property,30,none,own,1,skilled employee/official,1,none,yes,Good,26-35,74.29
< 0 DM,6,critical / other credits existing,car (new),860,< 100 DM,>= 7 years,1,female: divorced/separated/married,none,4,unknown / none,39,none,own,2,skilled employee/official,1,yes,yes,Good,36-45,143.33
no checking account,12,critical / other credits existing,car (new),682,100 - 500 DM,4 - 7 years,4,female: divorced/separated/married,none,3,car or other property,51,none,own,2,skilled employee/official,1,yes,yes,Good,46-55,56.83
< 0 DM,36,critical / other credits existing,furniture/equipment,5371,< 100 DM,1 - 4 years,3,male: single,guarantor,2,building society/life insurance,28,none,own,2,skilled employee/official,1,none,yes,Good,26-35,149.19
no checking account,18,critical / other credits existing,radio/tv,1582,>= 1000 DM,>= 7 years,4,male: single,none,4,car or other property,46,none,own,2,skilled employee/official,1,none,yes,Good,46-55,87.89
no checking account,6,existing credits paid duly,radio/tv,1346,100 - 500 DM,>= 7 years,2,male: single,none,4,unknown / none,42,bank,for free,1,skilled employee/official,2,yes,yes,Good,36-45,224.33
no checking account,10,existing credits paid duly,radio/tv,1924,< 100 DM,1 - 4 years,1,male: single,none,4,building society/life insurance,38,none,own,1,skilled employee/official,1,yes,no,Good,36-45,192.4
>= 200 DM,36,existing credits paid duly,radio/tv,5848,< 100 DM,1 - 4 years,4,male: single,none,1,car or other property,24,none,own,1,skilled employee/official,1,none,yes,Good,19-25,162.44
0 - 200 DM,24,critical / other credits existing,car (used),7758,>= 1000 DM,>= 7 years,2,female: divorced/separated/married,none,4,unknown / none,29,none,rent,1,skilled employee/official,1,none,yes,Good,26-35,323.25
0 - 200 DM,24,delay in past,business,6967,100 - 500 DM,4 - 7 years,4,male: single,none,4,car or other property,36,none,rent,1,management/self-employed/highly qualified,1,yes,yes,Good,36-45,290.29
< 0 DM,12,existing credits paid duly,furniture/equipment,1282,< 100 DM,1 - 4 years,2,female: divorced/separated/married,none,4,car or other property,20,none,rent,1,skilled employee/official,1,none,yes,Bad,19-25,106.83
< 0 DM,9,critical / other credits existing,repairs,1288,100 - 500 DM,>= 7 years,3,male: single,guarantor,4,real estate,48,none,own,2,skilled employee/official,2,none,no,Good,46-55,143.11
< 0 DM,12,all credits at this bank paid duly,retraining,339,< 100 DM,>= 7 years,4,male: married/widowed,none,1,car or other property,45,bank,own,1,unskilled resident,1,none,yes,Good,36-45,28.25
0 - 200 DM,24,existing credits paid duly,car (new),3512,100 - 500 DM,4 - 7 years,2,male: single,none,3,car or other property,38,bank,own,2,skilled employee/official,1,yes,yes,Good,36-45,146.33
no checking account,6,critical / other credits existing,radio/tv,1898,unknown / no savings account,1 - 4 years,1,male: single,none,2,real estate,34,none,own,2,unskilled resident,2,none,yes,Good,26-35,316.33
no checking account,24,critical / other credits existing,radio/tv,2872,100 - 500 DM,>= 7 years,3,male: single,none,4,real estate,36,none,own,1,skilled employee/official,2,yes,yes,Good,36-45,119.67
no checking account,18,critical / other credits existing,car (new),1055,< 100 DM,< 1 year,4,female: divorced/separated/married,none,1,building society/life insurance,30,none,own,2,skilled employee/official,1,none,yes,Good,26-35,58.61
no checking account,15,existing credits paid duly,domestic appliances,1262,500 - 1000 DM,4 - 7 years,4,male: single,none,3,building society/life insurance,36,none,own,2,skilled employee/official,1,yes,yes,Good,36-45,84.13
0 - 200 DM,10,existing credits paid duly,car (new),7308,< 100 DM,unemployed,2,male: single,none,4,unknown / none,70,bank,for free,1,management/self-employed/highly qualified,1,yes,yes,Good,56+,730.8
no checking account,36,existing credits paid duly,car (new),909,500 - 1000 DM,>= 7 years,4,male: single,none,4,building society/life insurance,36,none,own,1,skilled employee/official,1,none,yes,Good,36-45,25.25
no checking account,6,existing credits paid duly,furniture/equipment,2978,500 - 1000 DM,1 - 4 years,1,male: single,none,2,car or other property,32,none,own,1,skilled employee/official,1,yes,yes,Good,26-35,496.33
< 0 DM,18,existing credits paid duly,furniture/equipment,1131,< 100 DM,unemployed,4,female: divorced/separated/married,none,2,car or other property,33,none,own,1,skilled employee/official,1,none,yes,Bad,26-35,62.83
0 - 200 DM,11,existing credits paid duly,furniture/equipment,1577,>= 1000 DM,< 1 year,4,female: divorced/separated/married,none,1,real estate,20,none,own,1,skilled employee/official,1,none,yes,Good,19-25,143.36
no checking account,24,existing credits paid duly,furniture/equipment,3972,< 100 DM,4 - 7 years,2,female: divorced/separated/married,none,4,building society/life insurance,25,none,rent,1,skilled employee/official,1,yes,yes,Good,19-25,165.5
0 - 200 DM,24,critical / other credits existing,business,1935,< 100 DM,>= 7 years,4,male: divorced/separated,none,4,real estate,31,none,own,2,skilled employee/official,1,yes,yes,Bad,26-35,80.62
< 0 DM,15,no credits / all paid duly,car (new),950,< 100 DM,>= 7 years,4,male: single,none,3,car or other property,33,none,rent,2,skilled employee/official,2,none,yes,Bad,26-35,63.33
no checking account,12,existing credits paid duly,furniture/equipment,763,< 100 DM,1 - 4 years,4,female: divorced/separated/married,none,1,real estate,26,none,own,1,skilled employee/official,1,yes,yes,Good,26-35,63.58
0 - 200 DM,24,delay in past,furniture/equipment,2064,< 100 DM,unemployed,3,female: divorced/separated/married,none,2,building society/life insurance,34,none,own,1,management/self-employed/highly qualified,1,yes,yes,Bad,26-35,86.0
0 - 200 DM,8,existing credits paid duly,radio/tv,1414,< 100 DM,1 - 4 years,4,male: single,guarantor,2,real estate,33,none,own,1,skilled employee/official,1,none,no,Good,26-35,176.75
< 0 DM,21,delay in past,education,3414,< 100 DM,< 1 year,2,male: single,none,1,building society/life insurance,26,none,own,2,skilled employee/official,1,none,yes,Bad,26-35,162.57
no checking account,30,all credits at this bank paid duly,car (used),7485,unknown / no savings account,unemployed,4,female: divorced/separated/married,none,1,real estate,53,bank,own,1,management/self-employed/highly qualified,1,yes,yes,Bad,46-55,249.5
< 0 DM,12,existing credits paid duly,furniture/equipment,2577,< 100 DM,1 - 4 years,2,male: divorced/separated,none,1,car or other property,42,none,own,1,skilled employee/official,1,none,yes,Good,36-45,214.75
< 0 DM,6,critical / other credits existing,radio/tv,338,500 - 1000 DM,>= 7 years,4,male: single,none,4,car or other property,52,none,own,2,skilled employee/official,1,none,yes,Good,46-55,56.33
no checking account,12,existing credits paid duly,radio/tv,1963,< 100 DM,4 - 7 years,4,male: single,none,2,car or other property,31,none,rent,2,management/self-employed/highly qualified,2,yes,yes,Good,26-35,163.58
< 0 DM,21,critical / other credits existing,car (new),571,< 100 DM,>= 7 years,4,male: single,none,4,real estate,65,none,own,2,skilled employee/official,1,none,yes,Good,56+,27.19
no checking account,36,delay in past,business,9572,< 100 DM,< 1 year,1,male: divorced/separated,none,1,car or other property,28,none,own,2,skilled employee/official,1,none,yes,Bad,26-35,265.89
0 - 200 DM,36,delay in past,business,4455,< 100 DM,1 - 4 years,2,male: divorced/separated,none,2,real estate,30,stores,own,2,management/self-employed/highly qualified,1,yes,yes,Bad,26-35,123.75
< 0 DM,21,all credits at this bank paid duly,car (new),1647,unknown / no savings account,1 - 4 years,4,male: single,none,2,building society/life insurance,40,none,own,2,unskilled resident,2,none,yes,Bad,36-45,78.43
no checking account,24,critical / other credits existing,furniture/equipment,3777,>= 1000 DM,1 - 4 years,4,male: single,none,4,real estate,50,none,own,1,skilled employee/official,1,yes,yes,Good,46-55,157.38
0 - 200 DM,18,critical / other credits existing,car (new),884,< 100 DM,>= 7 years,4,male: single,none,4,car or other property,36,bank,own,1,skilled employee/official,2,yes,yes,Bad,36-45,49.11
no checking account,15,critical / other credits existing,radio/tv,1360,< 100 DM,1 - 4 years,4,male: single,none,2,building society/life insurance,31,none,own,2,skilled employee/official,1,none,yes,Good,26-35,90.67
0 - 200 DM,9,all credits at this bank paid duly,car (used),5129,< 100 DM,>= 7 years,2,female: divorced/separated/married,none,4,unknown / none,74,bank,for free,1,management/self-employed/highly qualified,2,yes,yes,Bad,56+,569.89
0 - 200 DM,16,critical / other credits existing,car (new),1175,< 100 DM,unemployed,2,male: single,none,3,car or other property,68,none,for free,3,unemployed/unskilled non-resident,1,yes,yes,Good,56+,73.44
< 0 DM,12,existing credits paid duly,radio/tv,674,100 - 500 DM,4 - 7 years,4,male: married/widowed,none,1,building society/life insurance,20,none,own,1,skilled employee/official,1,none,yes,Bad,19-25,56.17
0 - 200 DM,18,no credits / all paid duly,furniture/equipment,3244,< 100 DM,1 - 4 years,1,female: divorced/separated/married,none,4,car or other property,33,bank,own,2,skilled employee/official,1,yes,yes,Good,26-35,180.22
no checking account,24,existing credits paid duly,business,4591,>= 1000 DM,1 - 4 years,2,male: single,none,3,building society/life insurance,54,none,own,3,management/self-employed/highly qualified,1,yes,yes,Bad,46-55,191.29
0 - 200 DM,48,no credits / all paid duly,business,3844,100 - 500 DM,4 - 7 years,4,male: single,none,4,unknown / none,34,none,for free,1,unskilled resident,2,none,yes,Bad,26-35,80.08
0 - 200 DM,27,existing credits paid duly,business,3915,< 100 DM,1 - 4 years,4,male: single,none,2,car or other property,36,none,own,1,skilled employee/official,2,yes,yes,Bad,36-45,145.0
no checking account,6,existing credits paid duly,radio/tv,2108,< 100 DM,4 - 7 years,2,male: married/widowed,none,2,real estate,29,none,rent,1,skilled employee/official,1,none,yes,Good,26-35,351.33
0 - 200 DM,45,existing credits paid duly,radio/tv,3031,100 - 500 DM,1 - 4 years,4,male: single,guarantor,4,building society/life insurance,21,none,rent,1,skilled employee/official,1,none,yes,Bad,19-25,67.36
0 - 200 DM,9,critical / other credits existing,education,1501,< 100 DM,>= 7 years,2,female: divorced/separated/married,none,3,car or other property,34,none,own,2,management/self-employed/highly qualified,1,yes,yes,Bad,26-35,166.78
no checking account,6,critical / other credits existing,radio/tv,1382,< 100 DM,1 - 4 years,1,female: divorced/separated/married,none,1,car or other property,28,none,own,2,skilled employee/official,1,yes,yes,Good,26-35,230.33
0 - 200 DM,12,existing credits paid duly,furniture/equipment,951,100 - 500 DM,< 1 year,4,female: divorced/separated/married,none,4,car or other property,27,bank,rent,4,skilled employee/official,1,none,yes,Bad,26-35,79.25
0 - 200 DM,24,existing credits paid duly,car (used),2760,unknown / no savings account,>= 7 years,4,male: single,none,4,unknown / none,36,bank,for free,1,skilled employee/official,1,yes,yes,Good,36-45,115.0
0 - 200 DM,18,delay in past,furniture/equipment,4297,< 100 DM,>= 7 years,4,male: divorced/separated,none,3,unknown / none,40,none,own,1,management/self-employed/highly qualified,1,yes,yes,Bad,36-45,238.72
no checking account,9,critical / other credits existing,education,936,500 - 1000 DM,>= 7 years,4,male: single,none,2,car or other property,52,none,own,2,skilled employee/official,1,yes,yes,Good,46-55,104.0
< 0 DM,12,existing credits paid duly,car (new),1168,< 100 DM,1 - 4 years,4,male: married/widowed,none,3,real estate,27,none,own,1,unskilled resident,1,none,yes,Good,26-35,97.33
no checking account,27,delay in past,business,5117,< 100 DM,4 - 7 years,3,male: single,none,4,car or other property,26,none,own,2,skilled employee/official,1,none,yes,Good,26-35,189.52
< 0 DM,12,existing credits paid duly,retraining,902,< 100 DM,4 - 7 years,4,male: married/widowed,none,4,building society/life insurance,21,none,rent,1,skilled employee/official,1,none,yes,Bad,19-25,75.17
no checking account,12,critical / other credits existing,car (new),1495,< 100 DM,>= 7 years,4,male: single,none,1,real estate,38,none,own,2,unskilled resident,2,none,yes,Good,36-45,124.58
< 0 DM,30,critical / other credits existing,car (used),10623,< 100 DM,>= 7 years,3,male: single,none,4,unknown / none,38,none,for free,3,management/self-employed/highly qualified,2,yes,yes,Good,36-45,354.1
no checking account,12,critical / other credits existing,furniture/equipment,1935,< 100 DM,>= 7 years,4,male: single,none,4,real estate,43,none,own,3,skilled employee/official,1,yes,yes,Good,36-45,161.25
0 - 200 DM,12,critical / other credits existing,domestic appliances,1424,< 100 DM,4 - 7 years,4,male: single,none,3,building society/life insurance,26,none,own,1,skilled employee/official,1,none,yes,Good,26-35,118.67
< 0 DM,24,existing credits paid duly,business,6568,< 100 DM,1 - 4 years,2,male: married/widowed,none,2,car or other property,21,stores,own,1,unskilled resident,1,none,yes,Good,19-25,273.67
no checking account,12,existing credits paid duly,car (used),1413,>= 1000 DM,4 - 7 years,3,male: single,none,2,building society/life insurance,55,none,own,1,skilled employee/official,1,none,no,Good,46-55,117.75
no checking account,9,critical / other credits existing,radio/tv,3074,unknown / no savings account,1 - 4 years,1,male: single,none,2,real estate,33,none,own,2,skilled employee/official,2,none,yes,Good,26-35,341.56
no checking account,36,existing credits paid duly,radio/tv,3835,unknown / no savings account,>= 7 years,2,female: divorced/separated/married,none,4,real estate,45,none,own,1,unskilled resident,1,yes,yes,Good,36-45,106.53
< 0 DM,27,no credits / all paid duly,business,5293,< 100 DM,unemployed,2,male: single,none,4,building society/life insurance,50,stores,own,2,skilled employee/official,1,yes,yes,Bad,46-55,196.04
>= 200 DM,30,delay in past,business,1908,< 100 DM,>= 7 years,4,male: single,none,4,real estate,66,none,own,1,management/self-employed/highly qualified,1,yes,yes,Bad,56+,63.6
no checking account,36,critical / other credits existing,radio/tv,3342,unknown / no savings account,>= 7 years,4,male: single,none,2,car or other property,51,none,own,1,skilled employee/official,1,yes,yes,Good,46-55,92.83
0 - 200 DM,6,critical / other credits existing,retraining,932,unknown / no savings account,4 - 7 years,1,female: divorced/separated/married,none,3,building society/life insurance,39,none,own,2,unskilled resident,1,none,yes,Good,36-45,155.33
< 0 DM,18,no credits / all paid duly,business,3104,< 100 DM,4 - 7 years,3,male: single,none,1,building society/life insurance,31,bank,own,1,skilled employee/official,1,yes,yes,Good,26-35,172.44
>= 200 DM,36,existing credits paid duly,radio/tv,3913,< 100 DM,1 - 4 years,2,male: single,none,2,real estate,23,none,own,1,skilled employee/official,1,yes,yes,Good,19-25,108.69
< 0 DM,24,existing credits paid duly,furniture/equipment,3021,< 100 DM,1 - 4 years,2,male: divorced/separated,none,2,real estate,24,none,rent,1,unskilled resident,1,none,yes,Good,19-25,125.88
no checking account,10,existing credits paid duly,car (new),1364,< 100 DM,1 - 4 years,2,female: divorced/separated/married,none,4,car or other property,64,none,own,1,skilled employee/official,1,yes,yes,Good,56+,136.4
0 - 200 DM,12,existing credits paid duly,radio/tv,625,< 100 DM,< 1 year,4,male: married/widowed,guarantor,1,real estate,26,bank,own,1,unskilled resident,1,none,yes,Good,26-35,52.08
< 0 DM,12,existing credits paid duly,education,1200,unknown / no savings account,1 - 4 years,4,female: divorced/separated/married,none,4,building society/life insurance,23,bank,rent,1,skilled employee/official,1,yes,yes,Good,19-25,100.0
no checking account,12,existing credits paid duly,radio/tv,707,< 100 DM,1 - 4 years,4,male: single,none,2,real estate,30,bank,own,2,skilled employee/official,1,none,yes,Good,26-35,58.92
no checking account,24,delay in past,business,2978,unknown / no savings account,1 - 4 years,4,male: single,none,4,real estate,32,none,own,2,skilled employee/official,2,yes,yes,Good,26-35,124.08
no checking account,15,existing credits paid duly,car (used),4657,< 100 DM,1 - 4 years,3,male: single,none,2,car or other property,30,none,own,1,skilled employee/official,1,yes,yes,Good,26-35,310.47
no checking account,36,no credits / all paid duly,repairs,2613,< 100 DM,1 - 4 years,4,male: single,none,2,car or other property,27,none,own,2,skilled employee/official,1,none,yes,Good,26-35,72.58
0 - 200 DM,48,existing credits paid duly,radio/tv,10961,>= 1000 DM,4 - 7 years,1,male: single,co-applicant,2,unknown / none,27,bank,own,2,skilled employee/official,1,yes,yes,Bad,26-35,228.35
< 0 DM,12,existing credits paid duly,furniture/equipment,7865,< 100 DM,>= 7 years,4,male: single,none,4,unknown / none,53,none,for free,1,management/self-employed/highly qualified,1,yes,yes,Bad,46-55,655.42
no checking account,9,existing credits paid duly,radio/tv,1478,< 100 DM,4 - 7 years,4,male: single,none,2,car or other property,22,none,own,1,skilled employee/official,1,none,yes,Bad,19-25,164.22
< 0 DM,24,existing credits paid duly,furniture/equipment,3149,< 100 DM,< 1 year,4,male: single,none,1,unknown / none,22,bank,for free,1,skilled employee/official,1,none,yes,Good,19-25,131.21
>= 200 DM,36,existing credits paid duly,radio/tv,4210,< 100 DM,1 - 4 years,4,male: single,none,2,car or other property,26,none,own,1,skilled employee/official,1,none,yes,Bad,26-35,116.94
no checking account,9,existing credits paid duly,car (new),2507,500 - 1000 DM,>= 7 years,2,male: single,none,4,unknown / none,51,none,for free,1,unskilled resident,1,none,yes,Good,46-55,278.56
no checking account,12,existing credits paid duly,radio/tv,2141,100 - 500 DM,4 - 7 years,3,male: single,none,1,unknown / none,35,none,own,1,skilled employee/official,1,none,yes,Good,26-35,178.42
0 - 200 DM,18,existing credits paid duly,radio/tv,866,< 100 DM,1 - 4 years,4,male: married/widowed,guarantor,2,real estate,25,none,own,1,unskilled resident,1,none,yes,Good,19-25,48.11
no checking account,4,critical / other credits existing,radio/tv,1544,< 100 DM,4 - 7 years,2,male: single,none,1,real estate,42,none,own,3,unskilled resident,2,none,yes,Good,36-45,386.0
< 0 DM,24,existing credits paid duly,radio/tv,1823,< 100 DM,unemployed,4,male: single,none,2,car or other property,30,stores,own,1,management/self-employed/highly qualified,2,none,yes,Bad,26-35,75.96
0 - 200 DM,6,existing credits paid duly,car (new),14555,unknown / no savings account,unemployed,1,male: single,none,2,building society/life insurance,23,none,own,1,unemployed/unskilled non-resident,1,yes,yes,Bad,19-25,2425.83
0 - 200 DM,21,existing credits paid duly,business,2767,100 - 500 DM,>= 7 years,4,male: divorced/separated,none,2,car or other property,61,bank,rent,2,unskilled resident,1,none,yes,Bad,56+,131.76
no checking account,12,critical / other credits existing,radio/tv,1291,< 100 DM,1 - 4 years,4,female: divorced/separated/married,none,2,building society/life insurance,35,none,own,2,skilled employee/official,1,none,yes,Good,26-35,107.58
< 0 DM,30,existing credits paid duly,radio/tv,2522,< 100 DM,>= 7 years,1,male: single,guarantor,3,building society/life insurance,39,none,own,1,skilled employee/official,2,none,yes,Good,36-45,84.07
< 0 DM,24,existing credits paid duly,car (new),915,unknown / no savings account,>= 7 years,4,female: divorced/separated/married,none,2,car or other property,29,bank,own,1,skilled employee/official,1,none,yes,Bad,26-35,38.12
no checking account,6,existing credits paid duly,radio/tv,1595,< 100 DM,4 - 7 years,3,male: single,none,2,building society/life insurance,51,none,own,1,skilled employee/official,2,none,yes,Good,46-55,265.83
< 0 DM,48,no credits / all paid duly,car (used),4605,< 100 DM,>= 7 years,3,male: single,none,4,unknown / none,24,none,for free,2,skilled employee/official,2,none,yes,Bad,19-25,95.94
no checking account,12,critical / other credits existing,business,1185,< 100 DM,1 - 4 years,3,female: divorced/separated/married,none,2,real estate,27,none,own,2,skilled employee/official,1,none,yes,Good,26-35,98.75
no checking account,12,all credits at this bank paid duly,retraining,3447,500 - 1000 DM,1 - 4 years,4,female: divorced/separated/married,none,3,real estate,35,none,own,1,unskilled resident,2,none,yes,Good,26-35,287.25
no checking account,24,existing credits paid duly,business,1258,< 100 DM,4 - 7 years,4,male: single,none,1,real estate,25,none,own,1,skilled employee/official,1,yes,yes,Good,19-25,52.42
no checking account,12,critical / other credits existing,radio/tv,717,< 100 DM,>= 7 years,4,male: single,none,4,real estate,52,none,own,3,skilled employee/official,1,none,yes,Good,46-55,59.75
no checking account,6,no credits / all paid duly,car (new),1204,100 - 500 DM,1 - 4 years,4,male: single,none,1,unknown / none,35,bank,rent,1,skilled employee/official,1,none,no,Good,26-35,200.67
>= 200 DM,24,existing credits paid duly,furniture/equipment,1925,< 100 DM,1 - 4 years,2,male: single,none,2,real estate,26,none,own,1,skilled employee/official,1,none,yes,Good,26-35,80.21
no checking account,18,existing credits paid duly,radio/tv,433,< 100 DM,unemployed,3,female: divorced/separated/married,co-applicant,4,real estate,22,none,rent,1,skilled employee/official,1,none,yes,Bad,19-25,24.06
< 0 DM,6,critical / other credits existing,car (new),666,>= 1000 DM,4 - 7 years,3,female: divorced/separated/married,none,4,real estate,39,none,own,2,unskilled resident,1,yes,yes,Good,36-45,111.0
>= 200 DM,12,existing credits paid duly,furniture/equipment,2251,< 100 DM,1 - 4 years,1,female: divorced/separated/married,none,2,car or other property,46,none,own,1,unskilled resident,1,none,yes,Good,46-55,187.58
0 - 200 DM,30,existing credits paid duly,car (new),2150,< 100 DM,1 - 4 years,4,female: divorced/separated/married,guarantor,2,unknown / none,24,bank,own,1,skilled employee/official,1,none,yes,Bad,19-25,71.67
no checking account,24,delay in past,furniture/equipment,4151,100 - 500 DM,1 - 4 years,2,male: single,none,3,building society/life insurance,35,none,own,2,skilled employee/official,1,none,yes,Good,26-35,172.96
0 - 200 DM,9,existing credits paid duly,furniture/equipment,2030,unknown / no savings account,4 - 7 years,2,male: single,none,1,car or other property,24,none,own,1,skilled employee/official,1,yes,yes,Good,19-25,225.56
0 - 200 DM,60,delay in past,radio/tv,7418,unknown / no savings account,1 - 4 years,1,male: single,none,1,real estate,27,none,own,1,unskilled resident,1,none,yes,Good,26-35,123.63
no checking account,24,critical / other credits existing,radio/tv,2684,< 100 DM,1 - 4 years,4,male: single,none,2,real estate,35,none,own,2,unskilled resident,1,none,yes,Good,26-35,111.83
< 0 DM,12,all credits at this bank paid duly,radio/tv,2149,< 100 DM,1 - 4 years,4,male: divorced/separated,none,1,unknown / none,29,none,for free,1,skilled employee/official,1,none,yes,Bad,26-35,179.08
no checking account,15,existing credits paid duly,car (used),3812,100 - 500 DM,< 1 year,1,female: divorced/separated/married,none,4,car or other property,23,none,own,1,skilled employee/official,1,yes,yes,Good,19-25,254.13
no checking account,11,critical / other credits existing,radio/tv,1154,100 - 500 DM,unemployed,4,female: divorced/separated/married,none,4,real estate,57,none,own,3,unskilled resident,1,none,yes,Good,56+,104.91
< 0 DM,12,existing credits paid duly,furniture/equipment,1657,< 100 DM,1 - 4 years,2,male: single,none,2,real estate,27,none,own,1,skilled employee/official,1,none,yes,Good,26-35,138.08
< 0 DM,24,existing credits paid duly,radio/tv,1603,< 100 DM,>= 7 years,4,female: divorced/separated/married,none,4,car or other property,55,none,own,1,skilled employee/official,1,none,yes,Good,46-55,66.79
< 0 DM,18,critical / other credits existing,car (new),5302,< 100 DM,>= 7 years,2,male: single,none,4,unknown / none,36,none,for free,3,management/self-employed/highly qualified,1,yes,yes,Good,36-45,294.56
no checking account,12,critical / other credits existing,education,2748,< 100 DM,>= 7 years,2,female: divorced/separated/married,none,4,unknown / none,57,bank,for free,3,unskilled resident,1,none,yes,Good,56+,229.0
no checking account,10,critical / other credits existing,car (new),1231,< 100 DM,>= 7 years,3,male: single,none,4,real estate,32,none,own,2,unskilled resident,2,none,no,Good,26-35,123.1
0 - 200 DM,15,existing credits paid duly,radio/tv,802,< 100 DM,>= 7 years,4,male: single,none,3,car or other property,37,none,own,1,skilled employee/official,2,none,yes,Bad,36-45,53.47
no checking account,36,critical / other credits existing,business,6304,unknown / no savings account,>= 7 years,4,male: single,none,4,real estate,36,none,own,2,skilled employee/official,1,none,yes,Good,36-45,175.11
no checking account,24,existing credits paid duly,radio/tv,1533,< 100 DM,< 1 year,4,female: divorced/separated/married,none,3,car or other property,38,stores,own,1,skilled employee/official,1,yes,yes,Good,36-45,63.88
< 0 DM,14,existing credits paid duly,car (new),8978,< 100 DM,>= 7 years,1,male: divorced/separated,none,4,building society/life insurance,45,none,own,1,management/self-employed/highly qualified,1,yes,no,Bad,36-45,641.29
no checking account,24,existing credits paid duly,radio/tv,999,unknown / no savings account,>= 7 years,4,male: single,none,2,car or other property,25,none,own,2,skilled employee/official,1,none,yes,Good,19-25,41.62
no checking account,18,existing credits paid duly,car (new),2662,unknown / no savings account,4 - 7 years,4,male: single,none,3,building society/life insurance,32,none,own,1,skilled employee/official,1,none,no,Good,26-35,147.89
no checking account,12,critical / other credits existing,furniture/equipment,1402,500 - 1000 DM,4 - 7 years,3,female: divorced/separated/married,none,4,car or other property,37,none,rent,1,skilled employee/official,1,yes,yes,Good,36-45,116.83
0 - 200 DM,48,all credits at this bank paid duly,car (new),12169,unknown / no savings account,unemployed,4,male: single,co-applicant,4,unknown / none,36,none,for free,1,management/self-employed/highly qualified,1,yes,yes,Good,36-45,253.52
0 - 200 DM,48,existing credits paid duly,radio/tv,3060,< 100 DM,4 - 7 years,4,male: single,none,4,real estate,28,none,own,2,skilled employee/official,1,none,yes,Bad,26-35,63.75
< 0 DM,30,existing credits paid duly,repairs,11998,< 100 DM,< 1 year,1,male: divorced/separated,none,1,unknown / none,34,none,own,1,unskilled resident,1,yes,yes,Bad,26-35,399.93
no checking account,9,existing credits paid duly,radio/tv,2697,< 100 DM,1 - 4 years,1,male: single,none,2,real estate,32,none,own,1,skilled employee/official,2,none,yes,Good,26-35,299.67
no checking account,18,critical / other credits existing,radio/tv,2404,< 100 DM,1 - 4 years,2,female: divorced/separated/married,none,2,car or other property,26,none,own,2,skilled employee/official,1,none,yes,Good,26-35,133.56
< 0 DM,12,existing credits paid duly,furniture/equipment,1262,unknown / no savings account,>= 7 years,2,male: divorced/separated,none,4,building society/life insurance,49,none,own,1,unskilled resident,1,yes,yes,Good,46-55,105.17
no checking account,6,existing credits paid duly,furniture/equipment,4611,< 100 DM,< 1 year,1,female: divorced/separated/married,none,4,building society/life insurance,32,none,own,1,skilled employee/official,1,none,yes,Bad,26-35,768.5
no checking account,24,existing credits paid duly,radio/tv,1901,100 - 500 DM,1 - 4 years,4,male: single,none,4,car or other property,29,none,rent,1,management/self-employed/highly qualified,1,yes,yes,Good,26-35,79.21
no checking account,15,critical / other credits existing,car (used),3368,>= 1000 DM,>= 7 years,3,male: single,none,4,unknown / none,23,none,rent,2,skilled employee/official,1,yes,yes,Good,19-25,224.53
no checking account,12,existing credits paid duly,furniture/equipment,1574,< 100 DM,1 - 4 years,4,male: single,none,2,real estate,50,none,own,1,skilled employee/official,1,none,yes,Good,46-55,131.17
>= 200 DM,18,all credits at this bank paid duly,radio/tv,1445,unknown / no savings account,4 - 7 years,4,male: single,none,4,car or other property,49,bank,own,1,unskilled resident,1,none,yes,Good,46-55,80.28
no checking account,15,critical / other credits existing,furniture/equipment,1520,unknown / no savings account,>= 7 years,4,male: single,none,4,building society/life insurance,63,none,own,1,skilled employee/official,1,none,yes,Good,56+,101.33
0 - 200 DM,24,critical / other credits existing,car (new),3878,100 - 500 DM,< 1 year,4,male: divorced/separated,none,2,car or other property,37,none,own,1,skilled employee/official,1,yes,yes,Good,36-45,161.58
< 0 DM,47,existing credits paid duly,car (new),10722,< 100 DM,< 1 year,1,female: divorced/separated/married,none,1,real estate,35,none,own,1,unskilled resident,1,yes,yes,Good,26-35,228.13
< 0 DM,48,existing credits paid duly,car (used),4788,< 100 DM,4 - 7 years,4,male: single,none,3,building society/life insurance,26,none,own,1,skilled employee/official,2,none,yes,Good,26-35,99.75
0 - 200 DM,48,delay in past,other,7582,100 - 500 DM,unemployed,2,male: single,none,4,unknown / none,31,none,for free,1,management/self-employed/highly qualified,1,yes,yes,Good,26-35,157.96
0 - 200 DM,12,existing credits paid duly,radio/tv,1092,< 100 DM,1 - 4 years,4,female: divorced/separated/married,guarantor,4,real estate,49,none,own,2,skilled employee/official,1,yes,yes,Good,46-55,91.0
< 0 DM,24,delay in past,radio/tv,1024,< 100 DM,< 1 year,4,male: married/widowed,none,4,real estate,48,stores,own,1,skilled employee/official,1,none,yes,Bad,46-55,42.67
no checking account,12,existing credits paid duly,business,1076,< 100 DM,1 - 4 years,2,male: married/widowed,none,2,real estate,26,none,own,1,skilled employee/official,1,yes,no,Good,26-35,89.67
0 - 200 DM,36,existing credits paid duly,car (used),9398,< 100 DM,< 1 year,1,male: married/widowed,none,4,car or other property,28,none,rent,1,management/self-employed/highly qualified,1,yes,yes,Bad,26-35,261.06
< 0 DM,24,critical / other credits existing,car (used),6419,< 100 DM,>= 7 years,2,female: divorced/separated/married,none,4,unknown / none,44,none,for free,2,management/self-employed/highly qualified,2,yes,yes,Good,36-45,267.46
>= 200 DM,42,critical / other credits existing,car (used),4796,< 100 DM,>= 7 years,4,male: single,none,4,unknown / none,56,none,for free,1,skilled employee/official,1,none,yes,Good,56+,114.19
no checking account,48,critical / other credits existing,business,7629,unknown / no savings account,>= 7 years,4,male: divorced/separated,none,2,car or other property,46,bank,own,2,management/self-employed/highly qualified,2,none,yes,Good,46-55,158.94
0 - 200 DM,48,existing credits paid duly,furniture/equipment,9960,< 100 DM,< 1 year,1,female: divorced/separated/married,none,2,car or other property,26,none,own,1,skilled employee/official,1,yes,yes,Bad,26-35,207.5
no checking account,12,existing credits paid duly,car (used),4675,unknown / no savings account,< 1 year,1,female: divorced/separated/married,none,4,car or other property,20,none,rent,1,skilled employee/official,1,none,yes,Good,19-25,389.58
no checking account,10,existing credits paid duly,car (new),1287,unknown / no savings account,>= 7 years,4,male: single,co-applicant,2,building society/life insurance,45,none,own,1,unskilled resident,1,none,no,Good,36-45,128.7
no checking account,18,existing credits paid duly,furniture/equipment,2515,< 100 DM,1 - 4 years,3,male: single,none,4,real estate,43,none,own,1,skilled employee/official,1,yes,yes,Good,36-45,139.72
0 - 200 DM,21,critical / other credits existing,furniture/equipment,2745,>= 1000 DM,4 - 7 years,3,male: single,none,2,car or other property,32,none,own,2,skilled employee/official,1,yes,yes,Good,26-35,130.71
no checking account,6,existing credits paid duly,car (new),672,< 100 DM,unemployed,1,female: divorced/separated/married,none,4,real estate,54,none,own,1,unemployed/unskilled non-resident,1,yes,yes,Good,46-55,112.0
0 - 200 DM,36,no credits / all paid duly,radio/tv,3804,< 100 DM,1 - 4 years,4,female: divorced/separated/married,none,1,car or other property,42,none,own,1,skilled employee/official,1,yes,yes,Bad,36-45,105.67
>= 200 DM,24,critical / other credits existing,car (new),1344,unknown / no savings account,4 - 7 years,4,male: single,none,2,real estate,37,bank,own,2,unskilled resident,2,none,yes,Bad,36-45,56.0
< 0 DM,10,critical / other credits existing,car (new),1038,< 100 DM,4 - 7 years,4,male: single,co-applicant,3,building society/life insurance,49,none,own,2,skilled employee/official,1,yes,yes,Good,46-55,103.8
no checking account,48,critical / other credits existing,car (new),10127,500 - 1000 DM,1 - 4 years,2,male: single,none,2,unknown / none,44,bank,for free,1,skilled employee/official,1,none,yes,Bad,36-45,210.98
no checking account,6,existing credits paid duly,furniture/equipment,1543,>= 1000 DM,1 - 4 years,4,male: divorced/separated,none,2,real estate,33,none,own,1,skilled employee/official,1,none,yes,Good,26-35,257.17
no checking account,30,existing credits paid duly,car (used),4811,unknown / no savings account,4 - 7 years,2,female: divorced/separated/married,none,4,building society/life insurance,24,stores,rent,1,unskilled resident,1,none,yes,Good,19-25,160.37
< 0 DM,12,existing credits paid duly,radio/tv,727,100 - 500 DM,< 1 year,4,male: married/widowed,none,3,unknown / none,33,none,own,1,unskilled resident,1,yes,yes,Bad,26-35,60.58
0 - 200 DM,8,existing credits paid duly,furniture/equipment,1237,< 100 DM,1 - 4 years,3,female: divorced/separated/married,none,4,real estate,24,none,own,1,skilled employee/official,1,none,yes,Bad,19-25,154.62
0 - 200 DM,9,existing credits paid duly,car (new),276,< 100 DM,1 - 4 years,4,male: married/widowed,none,4,real estate,22,none,rent,1,unskilled resident,1,none,yes,Good,19-25,30.67
0 - 200 DM,48,existing credits paid duly,other,5381,unknown / no savings account,unemployed,3,male: single,none,4,unknown / none,40,bank,for free,1,unemployed/unskilled non-resident,1,yes,yes,Good,36-45,112.1
no checking account,24,existing credits paid duly,furniture/equipment,5511,100 - 500 DM,1 - 4 years,4,male: single,none,1,car or other property,25,stores,own,1,skilled employee/official,1,none,yes,Good,19-25,229.62
>= 200 DM,24,existing credits paid duly,furniture/equipment,3749,< 100 DM,< 1 year,2,female: divorced/separated/married,none,4,car or other property,26,none,own,1,skilled employee/official,1,none,yes,Good,26-35,156.21
0 - 200 DM,12,existing credits paid duly,car (new),685,< 100 DM,4 - 7 years,2,male: married/widowed,none,3,car or other property,25,bank,own,1,unskilled resident,1,none,yes,Bad,19-25,57.08
>= 200 DM,4,existing credits paid duly,car (new),1494,unknown / no savings account,< 1 year,1,male: single,none,2,real estate,29,none,own,1,unskilled resident,2,none,no,Good,26-35,373.5
< 0 DM,36,all credits at this bank paid duly,furniture/equipment,2746,< 100 DM,>= 7 years,4,male: single,none,4,car or other property,31,bank,own,1,skilled employee/official,1,none,yes,Bad,26-35,76.28
< 0 DM,12,existing credits paid duly,furniture/equipment,708,< 100 DM,1 - 4 years,2,male: single,guarantor,3,building society/life insurance,38,none,own,1,unskilled resident,2,none,yes,Good,36-45,59.0
0 - 200 DM,24,existing credits paid duly,furniture/equipment,4351,unknown / no savings account,1 - 4 years,1,female: divorced/separated/married,none,4,building society/life insurance,48,none,own,1,unskilled resident,1,yes,yes,Good,46-55,181.29
no checking account,12,critical / other credits existing,education,701,< 100 DM,1 - 4 years,4,male: single,none,2,car or other property,32,none,own,2,skilled employee/official,1,none,yes,Good,26-35,58.42
< 0 DM,15,delay in past,furniture/equipment,3643,< 100 DM,>= 7 years,1,female: divorced/separated/married,none,4,building society/life insurance,27,none,own,2,unskilled resident,1,none,yes,Good,26-35,242.87
0 - 200 DM,30,critical / other credits existing,car (new),4249,< 100 DM,unemployed,4,male: married/widowed,none,2,car or other property,28,none,own,2,management/self-employed/highly qualified,1,none,yes,Bad,26-35,141.63
< 0 DM,24,existing credits paid duly,radio/tv,1938,< 100 DM,< 1 year,4,male: divorced/separated,none,3,building society/life insurance,32,none,own,1,skilled employee/official,1,none,yes,Bad,26-35,80.75
< 0 DM,24,existing credits paid duly,car (used),2910,< 100 DM,4 - 7 years,2,male: single,none,1,unknown / none,34,none,for free,1,management/self-employed/highly qualified,1,yes,yes,Good,26-35,121.25
< 0 DM,18,existing credits paid duly,furniture/equipment,2659,>= 1000 DM,1 - 4 years,4,male: single,none,2,car or other property,28,none,own,1,skilled employee/official,1,none,yes,Good,26-35,147.72
no checking account,18,critical / other credits existing,car (new),1028,< 100 DM,1 - 4 years,4,female: divorced/separated/married,none,3,real estate,36,none,own,2,skilled employee/official,1,none,yes,Good,36-45,57.11
< 0 DM,8,critical / other credits existing,car (new),3398,< 100 DM,4 - 7 years,1,male: single,none,4,real estate,39,none,own,2,unskilled resident,1,none,no,Good,36-45,424.75
no checking account,12,critical / other credits existing,furniture/equipment,5801,unknown / no savings account,>= 7 years,2,male: single,none,4,building society/life insurance,49,none,rent,1,skilled employee/official,1,yes,yes,Good,46-55,483.42
no checking account,24,existing credits paid duly,car (new),1525,>= 1000 DM,4 - 7 years,4,female: divorced/separated/married,none,3,car or other property,34,none,own,1,skilled employee/official,2,yes,yes,Good,26-35,63.54
>= 200 DM,36,existing credits paid duly,radio/tv,4473,< 100 DM,>= 7 years,4,male: single,none,2,car or other property,31,none,own,1,skilled employee/official,1,none,yes,Good,26-35,124.25
0 - 200 DM,6,existing credits paid duly,radio/tv,1068,< 100 DM,>= 7 years,4,male: single,none,4,car or other property,28,none,own,1,skilled employee/official,2,none,yes,Good,26-35,178.0
< 0 DM,24,critical / other credits existing,car (used),6615,< 100 DM,unemployed,2,male: single,none,4,unknown / none,75,none,for free,2,management/self-employed/highly qualified,1,yes,yes,Good,56+,275.62
no checking account,18,critical / other credits existing,education,1864,100 - 500 DM,1 - 4 years,4,female: divorced/separated/married,none,2,real estate,30,none,own,2,skilled employee/official,1,none,yes,Bad,26-35,103.56
0 - 200 DM,60,existing credits paid duly,car (new),7408,100 - 500 DM,< 1 year,4,female: divorced/separated/married,none,2,building society/life insurance,24,none,own,1,management/self-employed/highly qualified,1,none,yes,Bad,19-25,123.47
no checking account,48,critical / other credits existing,car (used),11590,100 - 500 DM,1 - 4 years,2,female: divorced/separated/married,none,4,car or other property,24,bank,rent,2,unskilled resident,1,none,yes,Bad,19-25,241.46
< 0 DM,24,no credits / all paid duly,furniture/equipment,4110,< 100 DM,>= 7 years,3,male: single,none,4,unknown / none,23,bank,rent,2,skilled employee/official,2,none,yes,Bad,19-25,171.25
< 0 DM,6,critical / other credits existing,furniture/equipment,3384,< 100 DM,1 - 4 years,1,male: divorced/separated,none,4,real estate,44,none,rent,1,management/self-employed/highly qualified,1,yes,yes,Bad,36-45,564.0
0 - 200 DM,13,existing credits paid duly,radio/tv,2101,< 100 DM,< 1 year,2,female: divorced/separated/married,guarantor,4,building society/life insurance,23,none,own,1,unskilled resident,1,none,yes,Good,19-25,161.62
< 0 DM,15,existing credits paid duly,domestic appliances,1275,unknown / no savings account,1 - 4 years,4,female: divorced/separated/married,none,2,car or other property,24,none,rent,1,skilled employee/official,1,none,yes,Bad,19-25,85.0
< 0 DM,24,existing credits paid duly,furniture/equipment,4169,< 100 DM,1 - 4 years,4,male: single,none,4,building society/life insurance,28,none,own,1,skilled employee/official,1,none,yes,Good,26-35,173.71
0 - 200 DM,10,existing credits paid duly,furniture/equipment,1521,< 100 DM,1 - 4 years,4,male: divorced/separated,none,2,car or other property,31,none,own,1,unskilled resident,1,none,yes,Good,26-35,152.1
0 - 200 DM,24,critical / other credits existing,education,5743,< 100 DM,< 1 year,2,female: divorced/separated/married,none,4,unknown / none,24,none,for free,2,skilled employee/official,1,yes,yes,Good,19-25,239.29
< 0 DM,21,existing credits paid duly,furniture/equipment,3599,< 100 DM,4 - 7 years,1,female: divorced/separated/married,none,4,car or other property,26,none,rent,1,unskilled resident,1,none,yes,Good,26-35,171.38
0 - 200 DM,18,existing credits paid duly,radio/tv,3213,500 - 1000 DM,< 1 year,1,male: married/widowed,none,3,real estate,25,none,rent,1,skilled employee/official,1,none,yes,Good,19-25,178.5
0 - 200 DM,18,existing credits paid duly,business,4439,< 100 DM,>= 7 years,1,male: single,co-applicant,1,real estate,33,bank,own,1,management/self-employed/highly qualified,1,yes,yes,Good,26-35,246.61
>= 200 DM,10,existing credits paid duly,car (new),3949,< 100 DM,< 1 year,1,male: single,guarantor,1,building society/life insurance,37,none,own,1,unskilled resident,2,none,yes,Good,36-45,394.9
no checking account,15,critical / other credits existing,radio/tv,1459,< 100 DM,1 - 4 years,4,female: divorced/separated/married,none,2,car or other property,43,none,own,1,unskilled resident,1,none,yes,Good,36-45,97.27
0 - 200 DM,13,critical / other credits existing,radio/tv,882,< 100 DM,< 1 year,4,male: single,guarantor,4,real estate,23,none,own,2,skilled employee/official,1,none,yes,Good,19-25,67.85
0 - 200 DM,24,existing credits paid duly,radio/tv,3758,500 - 1000 DM,unemployed,1,female: divorced/separated/married,none,4,unknown / none,23,none,rent,1,unemployed/unskilled non-resident,1,none,yes,Good,19-25,156.58
no checking account,6,delay in past,business,1743,100 - 500 DM,1 - 4 years,1,male: single,none,2,real estate,34,none,own,2,unskilled resident,1,none,yes,Good,26-35,290.5
0 - 200 DM,9,critical / other credits existing,education,1136,>= 1000 DM,>= 7 years,4,male: single,none,3,unknown / none,32,none,for free,2,skilled employee/official,2,none,yes,Bad,26-35,126.22
no checking account,9,existing credits paid duly,domestic appliances,1236,< 100 DM,< 1 year,1,female: divorced/separated/married,none,4,real estate,23,none,rent,1,skilled employee/official,1,yes,yes,Good,19-25,137.33
0 - 200 DM,9,existing credits paid duly,furniture/equipment,959,< 100 DM,1 - 4 years,1,female: divorced/separated/married,none,2,car or other property,29,none,own,1,skilled employee/official,1,none,no,Bad,26-35,106.56
no checking account,18,critical / other credits existing,car (used),3229,unknown / no savings account,unemployed,2,male: single,none,4,unknown / none,38,none,own,1,management/self-employed/highly qualified,1,yes,yes,Good,36-45,179.39
< 0 DM,12,no credits / all paid duly,radio/tv,6199,< 100 DM,1 - 4 years,4,male: single,none,2,building society/life insurance,28,none,rent,2,skilled employee/official,1,yes,yes,Bad,26-35,516.58
no checking account,10,existing credits paid duly,education,727,500 - 1000 DM,>= 7 years,4,male: single,none,4,unknown / none,46,none,for free,1,skilled employee/official,1,yes,yes,Good,46-55,72.7
0 - 200 DM,24,existing credits paid duly,car (new),1246,< 100 DM,< 1 year,4,male: single,none,2,real estate,23,stores,own,1,unskilled resident,1,none,yes,Bad,19-25,51.92
no checking account,12,critical / other credits existing,radio/tv,2331,unknown / no savings account,>= 7 years,1,male: single,co-applicant,4,real estate,49,none,own,1,skilled employee/official,1,yes,yes,Good,46-55,194.25
no checking account,36,delay in past,radio/tv,4463,< 100 DM,1 - 4 years,4,male: single,none,2,car or other property,26,none,own,2,management/self-employed/highly qualified,1,yes,yes,Bad,26-35,123.97
no checking account,12,existing credits paid duly,radio/tv,776,< 100 DM,1 - 4 years,4,male: married/widowed,none,2,real estate,28,none,own,1,skilled employee/official,1,none,yes,Good,26-35,64.67
< 0 DM,30,existing credits paid duly,furniture/equipment,2406,< 100 DM,4 - 7 years,4,female: divorced/separated/married,none,4,real estate,23,none,rent,1,skilled employee/official,1,none,yes,Bad,19-25,80.2
0 - 200 DM,18,existing credits paid duly,education,1239,unknown / no savings account,1 - 4 years,4,male: single,none,4,unknown / none,61,none,for free,1,skilled employee/official,1,none,yes,Good,56+,68.83
>= 200 DM,12,existing credits paid duly,radio/tv,3399,unknown / no savings account,>= 7 years,2,male: single,none,3,car or other property,37,none,own,1,management/self-employed/highly qualified,1,none,yes,Good,36-45,283.25
>= 200 DM,12,delay in past,car (new),2247,< 100 DM,1 - 4 years,2,female: divorced/separated/married,none,2,car or other property,36,stores,own,2,skilled employee/official,1,yes,yes,Good,36-45,187.25
no checking account,6,existing credits paid duly,furniture/equipment,1766,< 100 DM,1 - 4 years,1,male: married/widowed,none,2,building society/life insurance,21,none,rent,1,skilled employee/official,1,none,yes,Good,19-25,294.33
< 0 DM,18,existing credits paid duly,furniture/equipment,2473,< 100 DM,unemployed,4,male: single,none,1,car or other property,25,none,own,1,unemployed/unskilled non-resident,1,none,yes,Bad,19-25,137.39
no checking account,12,existing credits paid duly,business,1542,< 100 DM,4 - 7 years,2,male: single,none,4,car or other property,36,none,own,1,skilled employee/official,1,yes,yes,Good,36-45,128.5
no checking account,18,critical / other credits existing,car (used),3850,< 100 DM,4 - 7 years,3,male: single,none,1,car or other property,27,none,own,2,skilled employee/official,1,none,yes,Good,26-35,213.89
< 0 DM,18,existing credits paid duly,furniture/equipment,3650,< 100 DM,< 1 year,1,female: divorced/separated/married,none,4,car or other property,22,none,rent,1,skilled employee/official,1,none,yes,Good,19-25,202.78
< 0 DM,36,existing credits paid duly,furniture/equipment,3446,< 100 DM,>= 7 years,4,male: single,none,2,car or other property,42,none,own,1,skilled employee/official,2,none,yes,Bad,36-45,95.72
0 - 200 DM,18,existing credits paid duly,furniture/equipment,3001,< 100 DM,4 - 7 years,2,female: divorced/separated/married,none,4,real estate,40,none,rent,1,skilled employee/official,1,none,yes,Good,36-45,166.72
no checking account,36,existing credits paid duly,car (new),3079,unknown / no savings account,1 - 4 years,4,male: single,none,4,real estate,36,none,own,1,skilled employee/official,1,none,yes,Good,36-45,85.53
no checking account,18,critical / other credits existing,radio/tv,6070,< 100 DM,>= 7 years,3,male: single,none,4,car or other property,33,none,own,2,skilled employee/official,1,yes,yes,Good,26-35,337.22
no checking account,10,critical / other credits existing,furniture/equipment,2146,< 100 DM,< 1 year,1,female: divorced/separated/married,none,3,real estate,23,none,rent,2,skilled employee/official,1,none,yes,Good,19-25,214.6
no checking account,60,critical / other credits existing,car (new),13756,unknown / no savings account,>= 7 years,2,male: single,none,4,unknown / none,63,bank,for free,1,management/self-employed/highly qualified,1,yes,yes,Good,56+,229.27
0 - 200 DM,60,all credits at this bank paid duly,other,14782,100 - 500 DM,>= 7 years,3,female: divorced/separated/married,none,4,unknown / none,60,bank,for free,2,management/self-employed/highly qualified,1,yes,yes,Bad,56+,246.37
< 0 DM,48,all credits at this bank paid duly,business,7685,< 100 DM,4 - 7 years,2,female: divorced/separated/married,guarantor,4,car or other property,37,none,rent,1,skilled employee/official,1,none,yes,Bad,36-45,160.1
no checking account,18,delay in past,radio/tv,2320,< 100 DM,unemployed,2,male: married/widowed,none,3,real estate,34,none,own,2,skilled employee/official,1,none,yes,Good,26-35,128.89
no checking account,7,delay in past,radio/tv,846,unknown / no savings account,>= 7 years,3,male: single,none,4,unknown / none,36,none,for free,1,skilled employee/official,1,none,yes,Good,36-45,120.86
0 - 200 DM,36,existing credits paid duly,car (new),14318,< 100 DM,>= 7 years,4,male: single,none,2,unknown / none,57,none,for free,1,management/self-employed/highly qualified,1,yes,yes,Bad,56+,397.72
no checking account,6,critical / other credits existing,car (new),362,100 - 500 DM,1 - 4 years,4,female: divorced/separated/married,none,4,car or other property,52,none,own,2,unskilled resident,1,none,yes,Good,46-55,60.33
< 0 DM,20,existing credits paid duly,furniture/equipment,2212,unknown / no savings account,4 - 7 years,4,male: single,none,4,car or other property,39,none,own,1,skilled employee/official,1,yes,yes,Good,36-45,110.6
0 - 200 DM,18,existing credits paid duly,car (used),12976,< 100 DM,unemployed,3,female: divorced/separated/married,none,4,unknown / none,38,none,for free,1,management/self-employed/highly qualified,1,yes,yes,Bad,36-45,720.89
no checking account,22,existing credits paid duly,car (new),1283,unknown / no savings account,4 - 7 years,4,female: divorced/separated/married,none,4,building society/life insurance,25,none,rent,1,skilled employee/official,1,none,yes,Good,19-25,58.32
>= 200 DM,12,existing credits paid duly,car (new),1330,< 100 DM,< 1 year,4,male: single,none,1,real estate,26,none,own,1,skilled employee/official,1,none,yes,Good,26-35,110.83
no checking account,30,delay in past,business,4272,100 - 500 DM,1 - 4 years,2,male: single,none,2,building society/life insurance,26,none,own,2,unskilled resident,1,none,yes,Good,26-35,142.4
no checking account,18,critical / other credits existing,radio/tv,2238,< 100 DM,1 - 4 years,2,female: divorced/separated/married,none,1,car or other property,25,none,own,2,skilled employee/official,1,none,yes,Good,19-25,124.33
no checking account,18,existing credits paid duly,radio/tv,1126,unknown / no savings account,< 1 year,4,female: divorced/separated/married,none,2,real estate,21,none,rent,1,skilled employee/official,1,yes,yes,Good,19-25,62.56
0 - 200 DM,18,critical / other credits existing,furniture/equipment,7374,< 100 DM,unemployed,4,male: single,none,4,building society/life insurance,40,stores,own,2,management/self-employed/highly qualified,1,yes,yes,Good,36-45,409.67
0 - 200 DM,15,critical / other credits existing,business,2326,500 - 1000 DM,1 - 4 years,2,male: single,none,4,car or other property,27,bank,own,1,skilled employee/official,1,none,yes,Good,26-35,155.07
no checking account,9,existing credits paid duly,business,1449,< 100 DM,4 - 7 years,3,female: divorced/separated/married,none,2,car or other property,27,none,own,2,skilled employee/official,1,none,yes,Good,26-35,161.0
no checking account,18,existing credits paid duly,car (new),1820,< 100 DM,1 - 4 years,2,male: married/widowed,none,2,building society/life insurance,30,none,own,1,management/self-employed/highly qualified,1,yes,yes,Good,26-35,101.11
0 - 200 DM,12,existing credits paid duly,furniture/equipment,983,>= 1000 DM,< 1 year,1,female: divorced/separated/married,none,4,real estate,19,none,rent,1,unskilled resident,1,none,yes,Good,19-25,81.92
< 0 DM,36,existing credits paid duly,car (new),3249,< 100 DM,4 - 7 years,2,male: single,none,4,unknown / none,39,bank,for free,1,management/self-employed/highly qualified,2,yes,yes,Good,36-45,90.25
< 0 DM,6,critical / other credits existing,radio/tv,1957,< 100 DM,4 - 7 years,1,female: divorced/separated/married,none,4,car or other property,31,none,own,1,skilled employee/official,1,none,yes,Good,26-35,326.17
no checking account,9,critical / other credits existing,furniture/equipment,2406,< 100 DM,unemployed,2,male: single,none,3,car or other property,31,none,own,1,management/self-employed/highly qualified,1,none,yes,Good,26-35,267.33
0 - 200 DM,39,delay in past,education,11760,100 - 500 DM,4 - 7 years,2,male: single,none,3,unknown / none,32,none,rent,1,skilled employee/official,1,yes,yes,Good,26-35,301.54
< 0 DM,12,existing credits paid duly,furniture/equipment,2578,< 100 DM,unemployed,3,female: divorced/separated/married,none,4,unknown / none,55,none,for free,1,management/self-employed/highly qualified,1,none,yes,Good,46-55,214.83
< 0 DM,36,critical / other credits existing,furniture/equipment,2348,< 100 DM,1 - 4 years,3,male: married/widowed,none,2,building society/life insurance,46,none,own,2,skilled employee/official,1,yes,yes,Good,46-55,65.22
0 - 200 DM,12,existing credits paid duly,car (new),1223,< 100 DM,>= 7 years,1,male: divorced/separated,none,1,real estate,46,none,rent,2,skilled employee/official,1,none,yes,Bad,46-55,101.92
no checking account,24,critical / other credits existing,radio/tv,1516,>= 1000 DM,1 - 4 years,4,female: divorced/separated/married,none,1,real estate,43,none,own,2,unskilled resident,1,none,yes,Good,36-45,63.17
no checking account,18,existing credits paid duly,radio/tv,1473,< 100 DM,< 1 year,3,male: married/widowed,none,4,real estate,39,none,own,1,skilled employee/official,1,yes,yes,Good,36-45,81.83
0 - 200 DM,18,critical / other credits existing,business,1887,unknown / no savings account,1 - 4 years,4,male: married/widowed,none,4,real estate,28,bank,own,2,skilled employee/official,1,none,yes,Good,26-35,104.83
no checking account,24,delay in past,business,8648,< 100 DM,< 1 year,2,male: single,none,2,car or other property,27,bank,own,2,skilled employee/official,1,yes,yes,Bad,26-35,360.33
no checking account,14,delay in past,car (new),802,< 100 DM,1 - 4 years,4,male: single,none,2,car or other property,27,none,own,2,unskilled resident,1,none,yes,Good,26-35,57.29
0 - 200 DM,18,delay in past,car (new),2899,unknown / no savings account,>= 7 years,4,male: single,none,4,car or other property,43,none,own,1,skilled employee/official,2,none,yes,Good,36-45,161.06
0 - 200 DM,24,existing credits paid duly,radio/tv,2039,< 100 DM,< 1 year,1,male: married/widowed,none,1,building society/life insurance,22,none,own,1,skilled employee/official,1,yes,yes,Bad,19-25,84.96
no checking account,24,critical / other credits existing,car (used),2197,unknown / no savings account,4 - 7 years,4,male: single,none,4,car or other property,43,none,own,2,skilled employee/official,2,yes,yes,Good,36-45,91.54
< 0 DM,15,existing credits paid duly,radio/tv,1053,< 100 DM,< 1 year,4,male: married/widowed,none,2,real estate,27,none,own,1,skilled employee/official,1,none,no,Good,26-35,70.2
no checking account,24,existing credits paid duly,radio/tv,3235,500 - 1000 DM,>= 7 years,3,male: divorced/separated,none,2,car or other property,26,none,own,1,management/self-employed/highly qualified,1,yes,yes,Good,26-35,134.79
>= 200 DM,12,critical / other credits existing,car (new),939,500 - 1000 DM,4 - 7 years,4,male: married/widowed,none,2,real estate,28,none,own,3,skilled employee/official,1,yes,yes,Bad,26-35,78.25
0 - 200 DM,24,existing credits paid duly,radio/tv,1967,< 100 DM,>= 7 years,4,female: divorced/separated/married,none,4,car or other property,20,none,own,1,skilled employee/official,1,yes,yes,Good,19-25,81.96
no checking account,33,critical / other credits existing,car (used),7253,< 100 DM,4 - 7 years,3,male: single,none,2,car or other property,35,none,own,2,management/self-employed/highly qualified,1,yes,yes,Good,26-35,219.79
no checking account,12,critical / other credits existing,business,2292,< 100 DM,unemployed,4,male: single,none,2,car or other property,42,stores,own,2,management/self-employed/highly qualified,1,yes,yes,Bad,36-45,191.0
no checking account,10,existing credits paid duly,car (new),1597,500 - 1000 DM,1 - 4 years,3,male: single,none,2,unknown / none,40,none,rent,1,unskilled resident,2,none,no,Good,36-45,159.7
< 0 DM,24,existing credits paid duly,car (new),1381,unknown / no savings account,1 - 4 years,4,female: divorced/separated/married,none,2,building society/life insurance,35,none,own,1,skilled employee/official,1,none,yes,Bad,26-35,57.54
no checking account,36,critical / other credits existing,car (used),5842,< 100 DM,>= 7 years,2,male: single,none,2,building society/life insurance,35,none,own,2,skilled employee/official,2,yes,yes,Good,26-35,162.28
< 0 DM,12,existing credits paid duly,car (new),2579,< 100 DM,< 1 year,4,male: single,none,1,real estate,33,none,own,1,unskilled resident,2,none,yes,Bad,26-35,214.92
< 0 DM,18,delay in past,education,8471,unknown / no savings account,1 - 4 years,1,female: divorced/separated/married,none,2,car or other property,23,none,rent,2,skilled employee/official,1,yes,yes,Good,19-25,470.61
no checking account,21,existing credits paid duly,car (new),2782,500 - 1000 DM,4 - 7 years,1,female: divorced/separated/married,none,2,car or other property,31,bank,own,1,management/self-employed/highly qualified,1,none,yes,Good,26-35,132.48
0 - 200 DM,18,existing credits paid duly,car (new),1042,unknown / no savings account,1 - 4 years,4,female: divorced/separated/married,none,2,building society/life insurance,33,none,own,1,skilled employee/official,1,none,yes,Bad,26-35,57.89
no checking account,15,existing credits paid duly,car (new),3186,>= 1000 DM,4 - 7 years,2,female: divorced/separated/married,none,3,car or other property,20,none,rent,1,skilled employee/official,1,none,yes,Good,19-25,212.4
0 - 200 DM,12,existing credits paid duly,car (used),2028,unknown / no savings account,1 - 4 years,4,male: single,none,2,car or other property,30,none,own,1,skilled employee/official,1,none,yes,Good,26-35,169.0
0 - 200 DM,12,critical / other credits existing,car (new),958,< 100 DM,4 - 7 years,2,male: single,none,3,real estate,47,none,own,2,unskilled resident,2,none,yes,Good,46-55,79.83
no checking account,21,delay in past,furniture/equipment,1591,100 - 500 DM,4 - 7 years,4,male: single,none,3,real estate,34,none,own,2,management/self-employed/highly qualified,1,none,yes,Good,26-35,75.76
0 - 200 DM,12,existing credits paid duly,furniture/equipment,2762,unknown / no savings account,>= 7 years,1,female: divorced/separated/married,none,2,building society/life insurance,25,bank,own,1,skilled employee/official,1,yes,yes,Bad,19-25,230.17
0 - 200 DM,18,existing credits paid duly,car (used),2779,< 100 DM,1 - 4 years,1,male: married/widowed,none,3,car or other property,21,none,rent,1,skilled employee/official,1,yes,yes,Good,19-25,154.39
no checking account,28,critical / other credits existing,radio/tv,2743,< 100 DM,>= 7 years,4,male: single,none,2,car or other property,29,none,own,2,skilled employee/official,1,none,yes,Good,26-35,97.96
no checking account,18,critical / other credits existing,radio/tv,1149,>= 1000 DM,1 - 4 years,4,male: single,none,3,real estate,46,none,own,2,skilled employee/official,1,none,yes,Good,46-55,63.83
no checking account,9,existing credits paid duly,furniture/equipment,1313,< 100 DM,>= 7 years,1,male: single,none,4,car or other property,20,none,own,1,skilled employee/official,1,none,yes,Good,19-25,145.89
< 0 DM,18,critical / other credits existing,repairs,1190,< 100 DM,unemployed,2,female: divorced/separated/married,none,4,unknown / none,55,none,for free,3,unemployed/unskilled non-resident,2,none,yes,Bad,46-55,66.11
no checking account,5,existing credits paid duly,business,3448,< 100 DM,4 - 7 years,1,male: single,none,4,real estate,74,none,own,1,unskilled resident,1,none,yes,Good,56+,689.6
0 - 200 DM,24,existing credits paid duly,other,11328,< 100 DM,1 - 4 years,2,male: single,co-applicant,3,car or other property,29,bank,own,2,management/self-employed/highly qualified,1,yes,yes,Bad,26-35,472.0
< 0 DM,6,critical / other credits existing,furniture/equipment,1872,< 100 DM,unemployed,4,male: single,none,4,unknown / none,36,none,for free,3,management/self-employed/highly qualified,1,yes,yes,Good,36-45,312.0
no checking account,24,critical / other credits existing,repairs,2058,< 100 DM,1 - 4 years,4,male: divorced/separated,none,2,real estate,33,none,own,2,skilled employee/official,1,yes,yes,Good,26-35,85.75
< 0 DM,9,existing credits paid duly,furniture/equipment,2136,< 100 DM,1 - 4 years,3,male: single,none,2,real estate,25,none,own,1,skilled employee/official,1,none,yes,Good,19-25,237.33
0 - 200 DM,12,existing credits paid duly,radio/tv,1484,unknown / no savings account,1 - 4 years,2,male: married/widowed,none,1,real estate,25,none,own,1,skilled employee/official,1,yes,yes,Bad,19-25,123.67
no checking account,6,existing credits paid duly,repairs,660,500 - 1000 DM,4 - 7 years,2,male: married/widowed,none,4,real estate,23,none,rent,1,unskilled resident,1,none,yes,Good,19-25,110.0
no checking account,24,critical / other credits existing,car (new),1287,>= 1000 DM,>= 7 years,4,female: divorced/separated/married,none,4,real estate,37,none,own,2,skilled employee/official,1,yes,yes,Good,36-45,53.62
< 0 DM,42,critical / other credits existing,repairs,3394,< 100 DM,unemployed,4,male: single,co-applicant,4,car or other property,65,none,own,2,unemployed/unskilled non-resident,1,none,yes,Good,56+,80.81
>= 200 DM,12,all credits at this bank paid duly,business,609,< 100 DM,< 1 year,4,female: divorced/separated/married,none,1,real estate,26,none,own,1,unemployed/unskilled non-resident,1,none,yes,Bad,26-35,50.75
no checking account,12,existing credits paid duly,car (new),1884,< 100 DM,>= 7 years,4,male: single,none,4,car or other property,39,none,own,1,management/self-employed/highly qualified,1,yes,yes,Good,36-45,157.0
< 0 DM,12,existing credits paid duly,furniture/equipment,1620,< 100 DM,1 - 4 years,2,female: divorced/separated/married,co-applicant,3,building society/life insurance,30,none,own,1,skilled employee/official,1,none,yes,Good,26-35,135.0
0 - 200 DM,20,delay in past,other,2629,< 100 DM,1 - 4 years,2,male: single,none,3,car or other property,29,bank,own,2,skilled employee/official,1,yes,yes,Good,26-35,131.45
no checking account,12,existing credits paid duly,education,719,< 100 DM,>= 7 years,4,male: single,none,4,car or other property,41,bank,own,1,unskilled resident,2,none,yes,Bad,36-45,59.92
0 - 200 DM,48,critical / other credits existing,furniture/equipment,5096,< 100 DM,1 - 4 years,2,female: divorced/separated/married,none,3,car or other property,30,none,own,1,management/self-employed/highly qualified,1,yes,yes,Bad,26-35,106.17
no checking account,9,critical / other credits existing,education,1244,unknown / no savings account,>= 7 years,4,female: divorced/separated/married,none,4,building society/life insurance,41,none,rent,2,unskilled resident,1,none,yes,Good,36-45,138.22
< 0 DM,36,existing credits paid duly,car (new),1842,< 100 DM,< 1 year,4,female: divorced/separated/married,none,4,car or other property,34,none,own,1,skilled employee/official,1,yes,yes,Bad,26-35,51.17
0 - 200 DM,7,existing credits paid duly,radio/tv,2576,< 100 DM,1 - 4 years,2,male: single,guarantor,2,real estate,35,none,own,1,skilled employee/official,1,none,yes,Good,26-35,368.0
>= 200 DM,12,existing credits paid duly,furniture/equipment,1424,unknown / no savings account,>= 7 years,3,female: divorced/separated/married,none,4,real estate,55,none,own,1,management/self-employed/highly qualified,1,yes,yes,Good,46-55,118.67
0 - 200 DM,15,delay in past,repairs,1512,>= 1000 DM,1 - 4 years,3,male: married/widowed,none,3,building society/life insurance,61,stores,own,2,skilled employee/official,1,none,yes,Bad,56+,100.8
no checking account,36,critical / other credits existing,car (used),11054,unknown / no savings account,1 - 4 years,4,male: single,none,2,car or other property,30,none,own,1,management/self-employed/highly qualified,1,yes,yes,Good,26-35,307.06
no checking account,6,existing credits paid duly,radio/tv,518,< 100 DM,1 - 4 years,3,female: divorced/separated/married,none,1,real estate,29,none,own,1,skilled employee/official,1,none,yes,Good,26-35,86.33
no checking account,12,no credits / all paid duly,furniture/equipment,2759,< 100 DM,>= 7 years,2,male: single,none,4,building society/life insurance,34,none,own,2,skilled employee/official,1,none,yes,Good,26-35,229.92
no checking account,24,existing credits paid duly,car (used),2670,< 100 DM,>= 7 years,4,male: single,none,4,car or other property,35,none,own,1,management/self-employed/highly qualified,1,yes,yes,Good,26-35,111.25
< 0 DM,24,existing credits paid duly,car (new),4817,< 100 DM,4 - 7 years,2,male: single,co-applicant,3,building society/life insurance,31,none,own,1,skilled employee/official,1,yes,yes,Bad,26-35,200.71
no checking account,24,existing credits paid duly,car (used),2679,< 100 DM,< 1 year,4,female: divorced/separated/married,none,1,unknown / none,29,none,own,1,management/self-employed/highly qualified,1,yes,yes,Good,26-35,111.62
< 0 DM,11,critical / other credits existing,car (new),3905,< 100 DM,1 - 4 years,2,male: single,none,2,real estate,36,none,rent,2,skilled employee/official,2,none,yes,Good,36-45,355.0
< 0 DM,12,existing credits paid duly,car (used),3386,< 100 DM,>= 7 years,3,male: single,none,4,unknown / none,35,none,for free,1,skilled employee/official,1,yes,yes,Bad,26-35,282.17
< 0 DM,6,existing credits paid duly,domestic appliances,343,< 100 DM,< 1 year,4,female: divorced/separated/married,none,1,real estate,27,none,own,1,skilled employee/official,1,none,yes,Good,26-35,57.17
no checking account,18,existing credits paid duly,radio/tv,4594,< 100 DM,< 1 year,3,male: single,none,2,car or other property,32,none,own,1,skilled employee/official,1,yes,yes,Good,26-35,255.22
< 0 DM,36,existing credits paid duly,furniture/equipment,3620,< 100 DM,1 - 4 years,1,male: single,guarantor,2,building society/life insurance,37,none,own,1,skilled employee/official,2,none,yes,Good,36-45,100.56
< 0 DM,15,existing credits paid duly,car (new),1721,< 100 DM,< 1 year,2,male: single,none,3,real estate,36,none,own,1,skilled employee/official,1,none,yes,Good,36-45,114.73
0 - 200 DM,12,existing credits paid duly,furniture/equipment,3017,< 100 DM,< 1 year,3,female: divorced/separated/married,none,1,real estate,34,none,rent,1,management/self-employed/highly qualified,1,none,yes,Good,26-35,251.42
0 - 200 DM,12,existing credits paid duly,retraining,754,unknown / no savings account,>= 7 years,4,male: single,none,4,building society/life insurance,38,none,own,2,skilled employee/official,1,none,yes,Good,36-45,62.83
no checking account,18,existing credits paid duly,business,1950,< 100 DM,4 - 7 years,4,male: single,none,1,car or other property,34,stores,own,2,skilled employee/official,1,yes,yes,Good,26-35,108.33
< 0 DM,24,existing credits paid duly,car (used),2924,< 100 DM,1 - 4 years,3,male: single,guarantor,4,unknown / none,63,bank,own,1,skilled employee/official,2,yes,yes,Good,56+,121.83
< 0 DM,24,delay in past,radio/tv,1659,< 100 DM,< 1 year,4,female: divorced/separated/married,none,2,car or other property,29,none,rent,1,unskilled resident,1,yes,yes,Bad,26-35,69.12
no checking account,48,delay in past,radio/tv,7238,unknown / no savings account,>= 7 years,3,male: single,none,3,car or other property,32,bank,own,2,skilled employee/official,2,none,yes,Good,26-35,150.79
no checking account,33,delay in past,business,2764,< 100 DM,1 - 4 years,2,female: divorced/separated/married,none,2,car or other property,26,none,own,2,skilled employee/official,1,yes,yes,Good,26-35,83.76
no checking account,24,delay in past,car (used),4679,< 100 DM,4 - 7 years,3,male: single,none,3,car or other property,35,none,own,2,unskilled resident,1,yes,yes,Good,26-35,194.96
0 - 200 DM,24,existing credits paid duly,radio/tv,3092,100 - 500 DM,< 1 year,3,male: married/widowed,none,2,car or other property,22,none,rent,1,skilled employee/official,1,yes,yes,Bad,19-25,128.83
< 0 DM,6,existing credits paid duly,education,448,< 100 DM,< 1 year,4,female: divorced/separated/married,none,4,building society/life insurance,23,none,own,1,skilled employee/official,1,none,yes,Bad,19-25,74.67
< 0 DM,9,existing credits paid duly,car (new),654,< 100 DM,1 - 4 years,4,male: single,none,3,car or other property,28,none,own,1,unskilled resident,1,none,yes,Bad,26-35,72.67
no checking account,6,existing credits paid duly,retraining,1238,unknown / no savings account,unemployed,4,male: single,none,4,building society/life insurance,36,none,own,1,management/self-employed/highly qualified,2,yes,yes,Good,36-45,206.33
0 - 200 DM,18,critical / other credits existing,radio/tv,1245,< 100 DM,1 - 4 years,4,male: married/widowed,none,2,car or other property,33,none,own,1,skilled employee/official,1,none,yes,Bad,26-35,69.17
< 0 DM,18,no credits / all paid duly,furniture/equipment,3114,< 100 DM,< 1 year,1,female: divorced/separated/married,none,4,building society/life insurance,26,none,rent,1,skilled employee/official,1,none,yes,Bad,26-35,173.0
no checking account,39,existing credits paid duly,car (used),2569,500 - 1000 DM,1 - 4 years,4,male: single,none,4,car or other property,24,none,own,1,skilled employee/official,1,none,yes,Good,19-25,65.87
>= 200 DM,24,existing credits paid duly,radio/tv,5152,< 100 DM,4 - 7 years,4,male: single,none,2,car or other property,25,bank,own,1,skilled employee/official,1,none,yes,Good,19-25,214.67
0 - 200 DM,12,existing credits paid duly,business,1037,100 - 500 DM,4 - 7 years,3,male: single,none,4,real estate,39,none,own,1,unskilled resident,1,none,yes,Good,36-45,86.42
< 0 DM,15,critical / other credits existing,furniture/equipment,1478,< 100 DM,>= 7 years,4,male: single,none,4,car or other property,44,none,own,2,skilled employee/official,2,yes,yes,Good,36-45,98.53
0 - 200 DM,12,critical / other credits existing,radio/tv,3573,< 100 DM,1 - 4 years,1,female: divorced/separated/married,none,1,real estate,23,none,own,1,unskilled resident,1,none,yes,Good,19-25,297.75
0 - 200 DM,24,existing credits paid duly,car (new),1201,< 100 DM,< 1 year,4,male: single,none,1,building society/life insurance,26,none,own,1,skilled employee/official,1,none,yes,Good,26-35,50.04
< 0 DM,30,existing credits paid duly,furniture/equipment,3622,>= 1000 DM,>= 7 years,4,female: divorced/separated/married,none,4,building society/life insurance,57,none,rent,2,skilled employee/official,1,yes,yes,Good,56+,120.73
no checking account,15,delay in past,furniture/equipment,960,>= 1000 DM,4 - 7 years,3,female: divorced/separated/married,none,2,building society/life insurance,30,none,own,2,skilled employee/official,1,none,yes,Good,26-35,64.0
no checking account,12,critical / other credits existing,car (new),1163,500 - 1000 DM,1 - 4 years,4,male: single,none,4,real estate,44,none,own,1,skilled employee/official,1,yes,yes,Good,36-45,96.92
0 - 200 DM,6,delay in past,car (new),1209,< 100 DM,unemployed,4,male: single,none,4,building society/life insurance,47,none,own,1,management/self-employed/highly qualified,1,yes,yes,Bad,46-55,201.5
no checking account,12,existing credits paid duly,radio/tv,3077,< 100 DM,1 - 4 years,2,male: single,none,4,car or other property,52,none,own,1,skilled employee/official,1,yes,yes,Good,46-55,256.42
no checking account,24,existing credits paid duly,car (new),3757,< 100 DM,>= 7 years,4,female: divorced/separated/married,co-applicant,4,unknown / none,62,none,for free,1,skilled employee/official,1,yes,yes,Good,56+,156.54
no checking account,10,existing credits paid duly,car (new),1418,100 - 500 DM,1 - 4 years,3,male: single,none,2,real estate,35,none,rent,1,unskilled resident,1,none,no,Good,26-35,141.8
no checking account,6,existing credits paid duly,car (new),3518,< 100 DM,1 - 4 years,2,male: single,guarantor,3,building society/life insurance,26,none,rent,1,skilled employee/official,1,none,yes,Good,26-35,586.33
no checking account,12,critical / other credits existing,radio/tv,1934,< 100 DM,>= 7 years,2,male: single,none,2,unknown / none,26,none,own,2,skilled employee/official,1,none,yes,Good,26-35,161.17
0 - 200 DM,27,no credits / all paid duly,business,8318,< 100 DM,>= 7 years,2,female: divorced/separated/married,none,4,unknown / none,42,none,for free,2,management/self-employed/highly qualified,1,yes,yes,Bad,36-45,308.07
no checking account,6,critical / other credits existing,radio/tv,1237,100 - 500 DM,1 - 4 years,1,female: divorced/separated/married,none,1,building society/life insurance,27,none,own,2,skilled employee/official,1,none,yes,Good,26-35,206.17
0 - 200 DM,6,existing credits paid duly,radio/tv,368,unknown / no savings account,>= 7 years,4,male: single,none,4,building society/life insurance,38,none,own,1,skilled employee/official,1,none,yes,Good,36-45,61.33
< 0 DM,12,critical / other credits existing,car (new),2122,< 100 DM,1 - 4 years,3,male: single,none,2,real estate,39,none,rent,2,unskilled resident,2,none,no,Good,36-45,176.83
< 0 DM,24,existing credits paid duly,furniture/equipment,2996,unknown / no savings account,1 - 4 years,2,male: married/widowed,none,4,car or other property,20,none,own,1,skilled employee/official,1,none,yes,Bad,19-25,124.83
0 - 200 DM,36,existing credits paid duly,furniture/equipment,9034,100 - 500 DM,< 1 year,4,male: single,co-applicant,1,unknown / none,29,none,rent,1,management/self-employed/highly qualified,1,yes,yes,Bad,26-35,250.94
no checking account,24,critical / other credits existing,furniture/equipment,1585,< 100 DM,4 - 7 years,4,male: single,none,3,building society/life insurance,40,none,own,2,skilled employee/official,1,none,yes,Good,36-45,66.04
0 - 200 DM,18,existing credits paid duly,radio/tv,1301,< 100 DM,>= 7 years,4,male: married/widowed,guarantor,2,real estate,32,none,own,1,unskilled resident,1,none,yes,Good,26-35,72.28
>= 200 DM,6,critical / other credits existing,car (new),1323,100 - 500 DM,>= 7 years,2,male: divorced/separated,none,4,car or other property,28,none,own,2,skilled employee/official,2,yes,yes,Good,26-35,220.5
< 0 DM,24,existing credits paid duly,car (new),3123,< 100 DM,< 1 year,4,female: divorced/separated/married,none,1,building society/life insurance,27,none,own,1,skilled employee/official,1,none,yes,Bad,26-35,130.12
< 0 DM,36,existing credits paid duly,car (used),5493,< 100 DM,>= 7 years,2,male: single,none,4,unknown / none,42,none,for free,1,skilled employee/official,2,none,yes,Good,36-45,152.58
>= 200 DM,9,existing credits paid duly,radio/tv,1126,100 - 500 DM,>= 7 years,2,male: divorced/separated,none,4,real estate,49,none,own,1,skilled employee/official,1,none,yes,Good,46-55,125.11
0 - 200 DM,24,critical / other credits existing,radio/tv,1216,100 - 500 DM,< 1 year,4,male: single,none,4,unknown / none,38,bank,own,2,skilled employee/official,2,none,yes,Bad,36-45,50.67
< 0 DM,24,existing credits paid duly,car (new),1207,< 100 DM,< 1 year,4,female: divorced/separated/married,none,4,building society/life insurance,24,none,rent,1,skilled employee/official,1,none,yes,Bad,19-25,50.29
no checking account,10,existing credits paid duly,car (new),1309,unknown / no savings account,1 - 4 years,4,male: single,guarantor,4,building society/life insurance,27,none,own,1,unskilled resident,1,none,yes,Bad,26-35,130.9
>= 200 DM,15,critical / other credits existing,car (used),2360,500 - 1000 DM,1 - 4 years,2,male: single,none,2,car or other property,36,none,own,1,skilled employee/official,1,yes,yes,Good,36-45,157.33
0 - 200 DM,15,all credits at this bank paid duly,car (new),6850,100 - 500 DM,unemployed,1,male: single,none,2,building society/life insurance,34,none,own,1,management/self-employed/highly qualified,2,yes,yes,Bad,26-35,456.67
no checking account,24,existing credits paid duly,radio/tv,1413,< 100 DM,1 - 4 years,4,male: married/widowed,none,2,building society/life insurance,28,none,own,1,skilled employee/official,1,none,yes,Good,26-35,58.88
no checking account,39,existing credits paid duly,car (used),8588,100 - 500 DM,>= 7 years,4,male: single,none,2,car or other property,45,none,own,1,management/self-employed/highly qualified,1,yes,yes,Good,36-45,220.21
< 0 DM,12,existing credits paid duly,car (new),759,< 100 DM,4 - 7 years,4,male: single,none,2,real estate,26,none,own,1,skilled employee/official,1,none,yes,Bad,26-35,63.25
no checking account,36,existing credits paid duly,car (used),4686,< 100 DM,1 - 4 years,2,male: single,none,2,unknown / none,32,none,for free,1,management/self-employed/highly qualified,1,yes,yes,Good,26-35,130.17
>= 200 DM,15,existing credits paid duly,business,2687,< 100 DM,4 - 7 years,2,male: single,none,4,building society/life insurance,26,none,rent,1,skilled employee/official,1,yes,yes,Good,26-35,179.13
0 - 200 DM,12,delay in past,radio/tv,585,< 100 DM,1 - 4 years,4,male: married/widowed,co-applicant,4,real estate,20,none,rent,2,skilled employee/official,1,none,yes,Good,19-25,48.75
no checking account,24,existing credits paid duly,car (new),2255,unknown / no savings account,< 1 year,4,male: single,none,1,building society/life insurance,54,none,own,1,skilled employee/official,1,none,yes,Good,46-55,93.96
< 0 DM,6,critical / other credits existing,car (new),609,< 100 DM,4 - 7 years,4,female: divorced/separated/married,none,3,building society/life insurance,37,none,own,2,skilled employee/official,1,none,no,Good,36-45,101.5
< 0 DM,6,critical / other credits existing,car (new),1361,< 100 DM,< 1 year,2,male: single,none,4,real estate,40,none,own,1,unskilled resident,2,none,no,Good,36-45,226.83
no checking account,36,critical / other credits existing,furniture/equipment,7127,< 100 DM,< 1 year,2,female: divorced/separated/married,none,4,building society/life insurance,23,none,rent,2,skilled employee/official,1,yes,yes,Bad,19-25,197.97
< 0 DM,6,existing credits paid duly,car (new),1203,100 - 500 DM,>= 7 years,3,male: single,none,2,building society/life insurance,43,none,own,1,skilled employee/official,1,yes,yes,Good,36-45,200.5
no checking account,6,critical / other credits existing,radio/tv,700,unknown / no savings account,>= 7 years,4,male: single,none,4,unknown / none,36,none,for free,2,skilled employee/official,1,none,yes,Good,36-45,116.67
no checking account,24,critical / other credits existing,repairs,5507,< 100 DM,>= 7 years,3,male: single,none,4,unknown / none,44,none,for free,2,skilled employee/official,1,none,yes,Good,36-45,229.46
< 0 DM,18,existing credits paid duly,radio/tv,3190,< 100 DM,1 - 4 years,2,female: divorced/separated/married,none,2,real estate,24,none,own,1,skilled employee/official,1,none,yes,Bad,19-25,177.22
< 0 DM,48,no credits / all paid duly,furniture/equipment,7119,< 100 DM,1 - 4 years,3,male: single,none,4,unknown / none,53,none,for free,2,skilled employee/official,2,none,yes,Bad,46-55,148.31
no checking account,24,existing credits paid duly,car (used),3488,100 - 500 DM,4 - 7 years,3,female: divorced/separated/married,none,4,car or other property,23,none,own,1,skilled employee/official,1,none,yes,Good,19-25,145.33
0 - 200 DM,18,existing credits paid duly,radio/tv,1113,< 100 DM,1 - 4 years,4,female: divorced/separated/married,guarantor,4,real estate,26,none,own,1,unskilled resident,2,none,yes,Good,26-35,61.83
0 - 200 DM,26,existing credits paid duly,car (used),7966,< 100 DM,< 1 year,2,male: single,none,3,car or other property,30,none,own,2,skilled employee/official,1,none,yes,Good,26-35,306.38
no checking account,15,critical / other credits existing,education,1532,100 - 500 DM,1 - 4 years,4,female: divorced/separated/married,none,3,car or other property,31,none,own,1,skilled employee/official,1,none,yes,Good,26-35,102.13
no checking account,4,critical / other credits existing,radio/tv,1503,< 100 DM,4 - 7 years,2,male: single,none,1,real estate,42,none,own,2,unskilled resident,2,none,yes,Good,36-45,375.75
< 0 DM,36,existing credits paid duly,radio/tv,2302,< 100 DM,1 - 4 years,4,male: divorced/separated,none,4,car or other property,31,none,rent,1,skilled employee/official,1,none,yes,Bad,26-35,63.94
< 0 DM,6,existing credits paid duly,car (new),662,< 100 DM,< 1 year,3,male: single,none,4,real estate,41,none,own,1,unskilled resident,2,yes,yes,Good,36-45,110.33
0 - 200 DM,36,existing credits paid duly,education,2273,< 100 DM,4 - 7 years,3,male: single,none,1,car or other property,32,none,own,2,skilled employee/official,2,none,yes,Good,26-35,63.14
0 - 200 DM,15,existing credits paid duly,car (new),2631,100 - 500 DM,1 - 4 years,2,female: divorced/separated/married,none,4,car or other property,28,none,rent,2,skilled employee/official,1,yes,yes,Bad,26-35,175.4
no checking account,12,delay in past,car (used),1503,< 100 DM,1 - 4 years,4,male: married/widowed,none,4,real estate,41,none,rent,1,skilled employee/official,1,none,yes,Good,36-45,125.25
no checking account,24,existing credits paid duly,radio/tv,1311,100 - 500 DM,4 - 7 years,4,male: married/widowed,none,3,building society/life insurance,26,none,own,1,skilled employee/official,1,yes,yes,Good,26-35,54.62
no checking account,24,existing credits paid duly,radio/tv,3105,unknown / no savings account,< 1 year,4,male: single,none,2,car or other property,25,none,own,2,skilled employee/official,1,none,yes,Good,19-25,129.38
>= 200 DM,21,critical / other credits existing,education,2319,< 100 DM,< 1 year,2,male: divorced/separated,none,1,car or other property,33,none,rent,1,skilled employee/official,1,none,yes,Bad,26-35,110.43
< 0 DM,6,existing credits paid duly,car (new),1374,unknown / no savings account,unemployed,4,female: divorced/separated/married,none,3,building society/life insurance,75,none,own,1,management/self-employed/highly qualified,1,yes,yes,Good,56+,229.0
0 - 200 DM,18,critical / other credits existing,furniture/equipment,3612,< 100 DM,>= 7 years,3,female: divorced/separated/married,none,4,building society/life insurance,37,none,own,1,skilled employee/official,1,yes,yes,Good,36-45,200.67
< 0 DM,48,existing credits paid duly,car (new),7763,< 100 DM,>= 7 years,4,male: single,none,4,unknown / none,42,bank,for free,1,management/self-employed/highly qualified,1,none,yes,Bad,36-45,161.73
>= 200 DM,18,existing credits paid duly,furniture/equipment,3049,< 100 DM,< 1 year,1,female: divorced/separated/married,none,1,building society/life insurance,45,stores,own,1,unskilled resident,1,none,yes,Good,36-45,169.39
0 - 200 DM,12,existing credits paid duly,radio/tv,1534,< 100 DM,< 1 year,1,male: married/widowed,none,1,real estate,23,none,rent,1,skilled employee/official,1,none,yes,Bad,19-25,127.83
no checking account,24,delay in past,car (new),2032,< 100 DM,>= 7 years,4,male: single,none,4,unknown / none,60,none,for free,2,skilled employee/official,1,yes,yes,Good,56+,84.67
< 0 DM,30,existing credits paid duly,furniture/equipment,6350,unknown / no savings account,>= 7 years,4,male: single,none,4,building society/life insurance,31,none,own,1,skilled employee/official,1,none,yes,Bad,26-35,211.67
>= 200 DM,18,existing credits paid duly,furniture/equipment,2864,< 100 DM,1 - 4 years,2,male: single,none,1,real estate,34,none,own,1,unskilled resident,2,none,yes,Bad,26-35,159.11
no checking account,12,critical / other credits existing,car (new),1255,< 100 DM,>= 7 years,4,male: single,none,4,real estate,61,none,own,2,unskilled resident,1,none,yes,Good,56+,104.58
< 0 DM,24,delay in past,car (new),1333,< 100 DM,unemployed,4,male: single,none,2,real estate,43,none,for free,2,skilled employee/official,2,none,yes,Bad,36-45,55.54
no checking account,24,critical / other credits existing,car (new),2022,< 100 DM,1 - 4 years,4,female: divorced/separated/married,none,4,car or other property,37,none,own,1,skilled employee/official,1,yes,yes,Good,36-45,84.25
no checking account,24,existing credits paid duly,radio/tv,1552,< 100 DM,4 - 7 years,3,male: single,none,1,car or other property,32,bank,own,1,skilled employee/official,2,none,yes,Good,26-35,64.67
< 0 DM,12,all credits at this bank paid duly,radio/tv,626,< 100 DM,1 - 4 years,4,female: divorced/separated/married,none,4,real estate,24,bank,own,1,unskilled resident,1,none,yes,Bad,19-25,52.17
no checking account,48,critical / other credits existing,car (used),8858,unknown / no savings account,4 - 7 years,2,male: single,none,1,unknown / none,35,none,for free,2,skilled employee/official,1,yes,yes,Good,26-35,184.54
no checking account,12,critical / other credits existing,repairs,996,unknown / no savings account,4 - 7 years,4,female: divorced/separated/married,none,4,real estate,23,none,own,2,skilled employee/official,1,none,yes,Good,19-25,83.0
no checking account,6,all credits at this bank paid duly,radio/tv,1750,500 - 1000 DM,>= 7 years,2,male: single,none,4,building society/life insurance,45,bank,own,1,unskilled resident,2,none,yes,Good,36-45,291.67
< 0 DM,48,existing credits paid duly,radio/tv,6999,< 100 DM,4 - 7 years,1,male: married/widowed,guarantor,1,real estate,34,none,own,2,skilled employee/official,1,yes,yes,Bad,26-35,145.81
0 - 200 DM,12,critical / other credits existing,car (new),1995,100 - 500 DM,< 1 year,4,male: single,none,1,car or other property,27,none,own,1,skilled employee/official,1,none,yes,Good,26-35,166.25
0 - 200 DM,9,existing credits paid duly,education,1199,< 100 DM,4 - 7 years,4,female: divorced/separated/married,none,4,building society/life insurance,67,none,own,2,management/self-employed/highly qualified,1,yes,yes,Good,56+,133.22
0 - 200 DM,12,existing credits paid duly,radio/tv,1331,< 100 DM,< 1 year,2,male: single,none,1,car or other property,22,stores,own,1,skilled employee/official,1,none,yes,Bad,19-25,110.92
0 - 200 DM,18,no credits / all paid duly,car (new),2278,100 - 500 DM,< 1 year,3,female: divorced/separated/married,none,3,car or other property,28,none,own,2,skilled employee/official,1,none,yes,Bad,26-35,126.56
no checking account,21,no credits / all paid duly,car (new),5003,unknown / no savings account,1 - 4 years,1,female: divorced/separated/married,none,4,building society/life insurance,29,bank,own,2,skilled employee/official,1,yes,yes,Bad,26-35,238.24
< 0 DM,24,all credits at this bank paid duly,furniture/equipment,3552,< 100 DM,4 - 7 years,3,male: single,none,4,car or other property,27,bank,own,1,skilled employee/official,1,none,yes,Bad,26-35,148.0
0 - 200 DM,18,critical / other credits existing,furniture/equipment,1928,< 100 DM,< 1 year,2,male: single,none,2,real estate,31,none,own,2,unskilled resident,1,none,yes,Bad,26-35,107.11
< 0 DM,24,existing credits paid duly,car (used),2964,unknown / no savings account,>= 7 years,4,male: single,none,4,unknown / none,49,bank,for free,1,skilled employee/official,2,yes,yes,Good,46-55,123.5
< 0 DM,24,all credits at this bank paid duly,radio/tv,1546,< 100 DM,4 - 7 years,4,male: single,guarantor,4,car or other property,24,bank,rent,1,unskilled resident,1,none,yes,Bad,19-25,64.42
>= 200 DM,6,delay in past,radio/tv,683,< 100 DM,< 1 year,2,female: divorced/separated/married,none,1,building society/life insurance,29,bank,own,1,skilled employee/official,1,none,yes,Good,26-35,113.83
0 - 200 DM,36,existing credits paid duly,car (new),12389,unknown / no savings account,1 - 4 years,1,male: single,none,4,unknown / none,37,none,for free,1,skilled employee/official,1,yes,yes,Bad,36-45,344.14
0 - 200 DM,24,delay in past,business,4712,unknown / no savings account,1 - 4 years,4,male: single,none,2,building society/life insurance,37,bank,own,2,management/self-employed/highly qualified,1,yes,yes,Good,36-45,196.33
0 - 200 DM,24,delay in past,radio/tv,1553,100 - 500 DM,4 - 7 years,3,female: divorced/separated/married,none,2,building society/life insurance,23,none,rent,2,skilled employee/official,1,yes,yes,Good,19-25,64.71
< 0 DM,12,existing credits paid duly,car (new),1372,< 100 DM,4 - 7 years,2,male: divorced/separated,none,3,car or other property,36,none,own,1,skilled employee/official,1,none,yes,Bad,36-45,114.33
no checking account,24,critical / other credits existing,radio/tv,2578,>= 1000 DM,>= 7 years,2,male: single,none,2,car or other property,34,none,own,1,skilled employee/official,1,none,yes,Good,26-35,107.42
0 - 200 DM,48,existing credits paid duly,radio/tv,3979,unknown / no savings account,4 - 7 years,4,male: single,none,1,car or other property,41,none,own,2,skilled employee/official,2,yes,yes,Good,36-45,82.9
< 0 DM,48,existing credits paid duly,radio/tv,6758,< 100 DM,1 - 4 years,3,female: divorced/separated/married,none,2,car or other property,31,none,own,1,skilled employee/official,1,yes,yes,Bad,26-35,140.79
< 0 DM,24,existing credits paid duly,furniture/equipment,3234,< 100 DM,< 1 year,4,female: divorced/separated/married,none,4,real estate,23,none,rent,1,unskilled resident,1,yes,yes,Bad,19-25,134.75
no checking account,30,critical / other credits existing,radio/tv,5954,< 100 DM,4 - 7 years,3,male: single,co-applicant,2,car or other property,38,none,own,1,skilled employee/official,1,none,yes,Good,36-45,198.47
no checking account,24,existing credits paid duly,car (used),5433,unknown / no savings account,unemployed,2,female: divorced/separated/married,none,4,building society/life insurance,26,none,rent,1,management/self-employed/highly qualified,1,yes,yes,Good,26-35,226.38
< 0 DM,15,existing credits paid duly,business,806,< 100 DM,1 - 4 years,4,female: divorced/separated/married,none,4,building society/life insurance,22,none,own,1,unskilled resident,1,none,yes,Good,19-25,53.73
0 - 200 DM,9,existing credits paid duly,radio/tv,1082,< 100 DM,>= 7 years,4,male: single,none,4,car or other property,27,none,own,2,unskilled resident,1,none,yes,Good,26-35,120.22
no checking account,15,critical / other credits existing,furniture/equipment,2788,< 100 DM,4 - 7 years,2,female: divorced/separated/married,co-applicant,3,car or other property,24,bank,own,2,skilled employee/official,1,none,yes,Good,19-25,185.87
0 - 200 DM,12,existing credits paid duly,radio/tv,2930,< 100 DM,4 - 7 years,2,female: divorced/separated/married,none,1,real estate,27,none,own,1,skilled employee/official,1,none,yes,Good,26-35,244.17
no checking account,24,critical / other credits existing,education,1927,unknown / no savings account,1 - 4 years,3,female: divorced/separated/married,none,2,car or other property,33,none,own,2,skilled employee/official,1,yes,yes,Good,26-35,80.29
0 - 200 DM,36,critical / other credits existing,car (new),2820,< 100 DM,< 1 year,4,male: divorced/separated,none,4,car or other property,27,none,own,2,skilled employee/official,1,none,yes,Bad,26-35,78.33
no checking account,24,existing credits paid duly,retraining,937,< 100 DM,< 1 year,4,male: married/widowed,none,3,car or other property,27,none,own,2,unskilled resident,1,none,yes,Good,26-35,39.04
0 - 200 DM,18,critical / other credits existing,car (new),1056,< 100 DM,>= 7 years,3,male: single,guarantor,3,real estate,30,bank,own,2,skilled employee/official,1,none,yes,Bad,26-35,58.67
0 - 200 DM,12,critical / other credits existing,car (new),3124,< 100 DM,< 1 year,1,male: single,none,3,real estate,49,bank,own,2,unskilled resident,2,none,yes,Good,46-55,260.33
no checking account,9,existing credits paid duly,furniture/equipment,1388,< 100 DM,1 - 4 years,4,female: divorced/separated/married,none,2,real estate,26,none,rent,1,skilled employee/official,1,none,yes,Good,26-35,154.22
0 - 200 DM,36,existing credits paid duly,repairs,2384,< 100 DM,< 1 year,4,male: single,none,1,unknown / none,33,none,rent,1,unskilled resident,1,none,yes,Bad,26-35,66.22
no checking account,12,existing credits paid duly,car (new),2133,unknown / no savings account,>= 7 years,4,female: divorced/separated/married,none,4,unknown / none,52,none,for free,1,management/self-employed/highly qualified,1,yes,yes,Good,46-55,177.75
< 0 DM,18,existing credits paid duly,furniture/equipment,2039,< 100 DM,1 - 4 years,1,female: divorced/separated/married,none,4,real estate,20,bank,rent,1,skilled employee/official,1,none,yes,Bad,19-25,113.28
< 0 DM,9,critical / other credits existing,car (new),2799,< 100 DM,1 - 4 years,2,male: single,none,2,real estate,36,none,rent,2,skilled employee/official,2,none,yes,Good,36-45,311.0
< 0 DM,12,existing credits paid duly,furniture/equipment,1289,< 100 DM,1 - 4 years,4,male: single,guarantor,1,building society/life insurance,21,none,own,1,unskilled resident,1,none,yes,Good,19-25,107.42
< 0 DM,18,existing credits paid duly,domestic appliances,1217,< 100 DM,1 - 4 years,4,male: married/widowed,none,3,real estate,47,none,own,1,unskilled resident,1,yes,yes,Bad,46-55,67.61
< 0 DM,12,critical / other credits existing,furniture/equipment,2246,< 100 DM,>= 7 years,3,male: single,none,3,building society/life insurance,60,none,own,2,skilled employee/official,1,none,yes,Bad,56+,187.17
< 0 DM,12,critical / other credits existing,radio/tv,385,< 100 DM,4 - 7 years,4,female: divorced/separated/married,none,3,real estate,58,none,own,4,unskilled resident,1,yes,yes,Good,56+,32.08
0 - 200 DM,24,delay in past,car (new),1965,unknown / no savings account,1 - 4 years,4,female: divorced/separated/married,none,4,car or other property,42,none,rent,2,skilled employee/official,1,yes,yes,Good,36-45,81.88
no checking account,21,existing credits paid duly,business,1572,>= 1000 DM,>= 7 years,4,female: divorced/separated/married,none,4,real estate,36,bank,own,1,unskilled resident,1,none,yes,Good,36-45,74.86
0 - 200 DM,24,existing credits paid duly,car (new),2718,< 100 DM,1 - 4 years,3,female: divorced/separated/married,none,4,building society/life insurance,20,none,rent,1,unskilled resident,1,yes,yes,Bad,19-25,113.25
< 0 DM,24,all credits at this bank paid duly,other,1358,unknown / no savings account,>= 7 years,4,male: single,none,3,car or other property,40,stores,own,1,management/self-employed/highly qualified,1,yes,yes,Bad,36-45,56.58
0 - 200 DM,6,all credits at this bank paid duly,car (new),931,100 - 500 DM,< 1 year,1,female: divorced/separated/married,none,1,building society/life insurance,32,stores,own,1,unskilled resident,1,none,yes,Bad,26-35,155.17
< 0 DM,24,existing credits paid duly,car (new),1442,< 100 DM,4 - 7 years,4,female: divorced/separated/married,none,4,car or other property,23,none,rent,2,skilled employee/official,1,none,yes,Bad,19-25,60.08
0 - 200 DM,24,no credits / all paid duly,business,4241,< 100 DM,1 - 4 years,1,male: single,none,4,real estate,36,none,own,3,unskilled resident,1,yes,yes,Bad,36-45,176.71
no checking account,18,critical / other credits existing,car (new),2775,< 100 DM,4 - 7 years,2,male: single,none,2,building society/life insurance,31,bank,own,2,skilled employee/official,1,none,yes,Bad,26-35,154.17
no checking account,24,delay in past,business,3863,< 100 DM,1 - 4 years,1,male: single,none,2,unknown / none,32,none,for free,1,skilled employee/official,1,none,yes,Good,26-35,160.96
0 - 200 DM,7,existing credits paid duly,radio/tv,2329,< 100 DM,< 1 year,1,female: divorced/separated/married,guarantor,1,real estate,45,none,own,1,skilled employee/official,1,none,yes,Good,36-45,332.71
0 - 200 DM,9,existing credits paid duly,furniture/equipment,918,< 100 DM,1 - 4 years,4,female: divorced/separated/married,none,1,building society/life insurance,30,none,own,1,skilled employee/official,1,none,yes,Bad,26-35,102.0
0 - 200 DM,24,all credits at this bank paid duly,education,1837,< 100 DM,4 - 7 years,4,female: divorced/separated/married,none,4,unknown / none,34,bank,for free,1,unskilled resident,1,none,yes,Bad,26-35,76.54
no checking account,36,existing credits paid duly,furniture/equipment,3349,< 100 DM,1 - 4 years,4,female: divorced/separated/married,none,2,car or other property,28,none,own,1,management/self-employed/highly qualified,1,yes,yes,Bad,26-35,93.03
>= 200 DM,10,existing credits paid duly,furniture/equipment,1275,< 100 DM,< 1 year,4,female: divorced/separated/married,none,2,building society/life insurance,23,none,own,1,skilled employee/official,1,none,yes,Good,19-25,127.5
< 0 DM,24,all credits at this bank paid duly,furniture/equipment,2828,500 - 1000 DM,1 - 4 years,4,male: single,none,4,real estate,22,stores,own,1,skilled employee/official,1,yes,yes,Good,19-25,117.83
no checking account,24,critical / other credits existing,business,4526,< 100 DM,1 - 4 years,3,male: single,none,2,real estate,74,none,own,1,management/self-employed/highly qualified,1,yes,yes,Good,56+,188.58
0 - 200 DM,36,existing credits paid duly,radio/tv,2671,100 - 500 DM,1 - 4 years,4,female: divorced/separated/married,co-applicant,4,unknown / none,50,none,for free,1,skilled employee/official,1,none,yes,Bad,46-55,74.19
no checking account,18,existing credits paid duly,radio/tv,2051,< 100 DM,< 1 year,4,male: single,none,1,real estate,33,none,own,1,skilled employee/official,1,none,yes,Good,26-35,113.94
no checking account,15,existing credits paid duly,car (used),1300,unknown / no savings account,>= 7 years,4,male: single,none,4,unknown / none,45,bank,for free,1,skilled employee/official,2,none,yes,Good,36-45,86.67
< 0 DM,12,existing credits paid duly,domestic appliances,741,100 - 500 DM,unemployed,4,female: divorced/separated/married,none,3,building society/life insurance,22,none,own,1,skilled employee/official,1,none,yes,Bad,19-25,61.75
>= 200 DM,10,existing credits paid duly,car (new),1240,100 - 500 DM,>= 7 years,1,female: divorced/separated/married,none,4,unknown / none,48,none,for free,1,unskilled resident,2,none,yes,Bad,46-55,124.0
< 0 DM,21,existing credits paid duly,radio/tv,3357,>= 1000 DM,< 1 year,4,female: divorced/separated/married,none,2,car or other property,29,bank,own,1,skilled employee/official,1,none,yes,Good,26-35,159.86
< 0 DM,24,all credits at this bank paid duly,car (used),3632,< 100 DM,1 - 4 years,1,female: divorced/separated/married,guarantor,4,car or other property,22,bank,rent,1,skilled employee/official,1,none,no,Good,19-25,151.33
no checking account,18,delay in past,furniture/equipment,1808,< 100 DM,4 - 7 years,4,female: divorced/separated/married,none,1,real estate,22,none,own,1,skilled employee/official,1,none,yes,Bad,19-25,100.44
0 - 200 DM,48,no credits / all paid duly,business,12204,unknown / no savings account,1 - 4 years,2,male: single,none,2,car or other property,48,bank,own,1,management/self-employed/highly qualified,1,yes,yes,Good,46-55,254.25
0 - 200 DM,60,delay in past,radio/tv,9157,unknown / no savings account,1 - 4 years,2,male: single,none,2,unknown / none,27,none,for free,1,management/self-employed/highly qualified,1,none,yes,Good,26-35,152.62
< 0 DM,6,critical / other credits existing,car (new),3676,< 100 DM,1 - 4 years,1,male: single,none,3,real estate,37,none,rent,3,skilled employee/official,2,none,yes,Good,36-45,612.67
0 - 200 DM,30,existing credits paid duly,furniture/equipment,3441,100 - 500 DM,1 - 4 years,2,female: divorced/separated/married,co-applicant,4,car or other property,21,none,rent,1,skilled employee/official,1,none,yes,Bad,19-25,114.7
no checking account,12,existing credits paid duly,car (new),640,< 100 DM,1 - 4 years,4,male: divorced/separated,none,2,real estate,49,none,own,1,unskilled resident,1,none,yes,Good,46-55,53.33
0 - 200 DM,21,critical / other credits existing,business,3652,< 100 DM,4 - 7 years,2,male: single,none,3,building society/life insurance,27,none,own,2,skilled employee/official,1,none,yes,Good,26-35,173.9
no checking account,18,critical / other credits existing,car (new),1530,< 100 DM,1 - 4 years,3,male: single,none,2,building society/life insurance,32,bank,own,2,skilled employee/official,1,none,yes,Bad,26-35,85.0
no checking account,48,existing credits paid duly,business,3914,unknown / no savings account,1 - 4 years,4,male: divorced/separated,none,2,real estate,38,bank,own,1,skilled employee/official,1,none,yes,Bad,36-45,81.54
< 0 DM,12,existing credits paid duly,furniture/equipment,1858,< 100 DM,< 1 year,4,female: divorced/separated/married,none,1,car or other property,22,none,rent,1,skilled employee/official,1,none,yes,Good,19-25,154.83
< 0 DM,18,existing credits paid duly,radio/tv,2600,< 100 DM,1 - 4 years,4,male: single,none,4,unknown / none,65,none,for free,2,skilled employee/official,1,none,yes,Bad,56+,144.44
no checking account,15,existing credits paid duly,radio/tv,1979,unknown / no savings account,>= 7 years,4,male: single,none,2,car or other property,35,none,own,1,skilled employee/official,1,none,yes,Good,26-35,131.93
>= 200 DM,6,existing credits paid duly,furniture/equipment,2116,< 100 DM,1 - 4 years,2,male: single,none,2,real estate,41,none,own,1,skilled employee/official,1,yes,yes,Good,36-45,352.67
0 - 200 DM,9,all credits at this bank paid duly,car (new),1437,100 - 500 DM,4 - 7 years,2,male: single,none,3,unknown / none,29,none,own,1,skilled employee/official,1,none,yes,Bad,26-35,159.67
no checking account,42,critical / other credits existing,furniture/equipment,4042,500 - 1000 DM,1 - 4 years,4,male: single,none,4,real estate,36,none,own,2,skilled employee/official,1,yes,yes,Good,36-45,96.24
no checking account,9,existing credits paid duly,education,3832,unknown / no savings account,>= 7 years,1,male: single,none,4,real estate,64,none,own,1,unskilled resident,1,none,yes,Good,56+,425.78
< 0 DM,24,existing credits paid duly,radio/tv,3660,< 100 DM,1 - 4 years,2,female: divorced/separated/married,none,4,car or other property,28,none,own,1,skilled employee/official,1,none,yes,Good,26-35,152.5
< 0 DM,18,all credits at this bank paid duly,furniture/equipment,1553,< 100 DM,1 - 4 years,4,male: single,none,3,car or other property,44,bank,own,1,skilled employee/official,1,none,yes,Bad,36-45,86.28
0 - 200 DM,15,existing credits paid duly,radio/tv,1444,unknown / no savings account,< 1 year,4,male: single,none,1,building society/life insurance,23,none,own,1,skilled employee/official,1,none,yes,Good,19-25,96.27
no checking account,9,existing credits paid duly,furniture/equipment,1980,< 100 DM,< 1 year,2,female: divorced/separated/married,co-applicant,2,car or other property,19,none,rent,2,skilled employee/official,1,none,yes,Bad,19-25,220.0
0 - 200 DM,24,existing credits paid duly,car (new),1355,< 100 DM,< 1 year,3,female: divorced/separated/married,none,4,car or other property,25,none,own,1,unskilled resident,1,yes,yes,Bad,19-25,56.46
no checking account,12,existing credits paid duly,education,1393,< 100 DM,>= 7 years,4,male: single,none,4,building society/life insurance,47,bank,own,3,skilled employee/official,2,yes,yes,Good,46-55,116.08
no checking account,24,existing credits paid duly,radio/tv,1376,500 - 1000 DM,4 - 7 years,4,female: divorced/separated/married,none,1,car or other property,28,none,own,1,skilled employee/official,1,none,yes,Good,26-35,57.33
no checking account,60,delay in past,radio/tv,15653,< 100 DM,4 - 7 years,2,male: single,none,4,car or other property,21,none,own,2,skilled employee/official,1,yes,yes,Good,19-25,260.88
no checking account,12,existing credits paid duly,radio/tv,1493,< 100 DM,< 1 year,4,female: divorced/separated/married,none,3,car or other property,34,none,own,1,skilled employee/official,2,none,yes,Good,26-35,124.42
< 0 DM,42,delay in past,radio/tv,4370,< 100 DM,4 - 7 years,3,male: single,none,2,building society/life insurance,26,bank,own,2,skilled employee/official,2,yes,yes,Bad,26-35,104.05
< 0 DM,18,existing credits paid duly,education,750,< 100 DM,unemployed,4,female: divorced/separated/married,none,1,real estate,27,none,own,1,unemployed/unskilled non-resident,1,none,yes,Bad,26-35,41.67
0 - 200 DM,15,existing credits paid duly,repairs,1308,< 100 DM,>= 7 years,4,male: single,none,4,car or other property,38,none,own,2,unskilled resident,1,none,yes,Good,36-45,87.2
no checking account,15,existing credits paid duly,education,4623,100 - 500 DM,1 - 4 years,3,male: single,none,2,building society/life insurance,40,none,own,1,management/self-employed/highly qualified,1,yes,yes,Bad,36-45,308.2
no checking account,24,critical / other credits existing,radio/tv,1851,< 100 DM,4 - 7 years,4,male: married/widowed,guarantor,2,car or other property,33,none,own,2,skilled employee/official,1,yes,yes,Good,26-35,77.12
< 0 DM,18,critical / other credits existing,radio/tv,1880,< 100 DM,4 - 7 years,4,male: married/widowed,none,1,building society/life insurance,32,none,own,2,management/self-employed/highly qualified,1,yes,yes,Good,26-35,104.44
no checking account,36,delay in past,business,7980,unknown / no savings account,< 1 year,4,male: single,none,4,car or other property,27,none,rent,2,skilled employee/official,1,yes,yes,Bad,26-35,221.67
< 0 DM,30,no credits / all paid duly,furniture/equipment,4583,< 100 DM,1 - 4 years,2,male: divorced/separated,guarantor,2,real estate,32,none,own,2,skilled employee/official,1,none,yes,Good,26-35,152.77
no checking account,12,existing credits paid duly,car (new),1386,500 - 1000 DM,1 - 4 years,2,female: divorced/separated/married,none,2,building society/life insurance,26,none,own,1,skilled employee/official,1,none,yes,Bad,26-35,115.5
>= 200 DM,24,existing credits paid duly,car (new),947,< 100 DM,4 - 7 years,4,male: single,none,3,unknown / none,38,bank,for free,1,skilled employee/official,2,none,yes,Bad,36-45,39.46
< 0 DM,12,existing credits paid duly,education,684,< 100 DM,1 - 4 years,4,male: single,none,4,car or other property,40,none,rent,1,unskilled resident,2,none,yes,Bad,36-45,57.0
< 0 DM,48,existing credits paid duly,education,7476,< 100 DM,4 - 7 years,4,male: single,none,1,unknown / none,50,none,for free,1,management/self-employed/highly qualified,1,yes,yes,Good,46-55,155.75
0 - 200 DM,12,existing credits paid duly,furniture/equipment,1922,< 100 DM,1 - 4 years,4,male: single,none,2,building society/life insurance,37,none,own,1,unskilled resident,1,none,yes,Bad,36-45,160.17
< 0 DM,24,existing credits paid duly,car (new),2303,< 100 DM,>= 7 years,4,male: single,co-applicant,1,real estate,45,none,own,1,skilled employee/official,1,none,yes,Bad,36-45,95.96
0 - 200 DM,36,delay in past,car (new),8086,100 - 500 DM,>= 7 years,2,male: single,none,4,car or other property,42,none,own,4,management/self-employed/highly qualified,1,yes,yes,Bad,36-45,224.61
no checking account,24,critical / other credits existing,car (used),2346,< 100 DM,4 - 7 years,4,male: single,none,3,car or other property,35,none,own,2,skilled employee/official,1,yes,yes,Good,26-35,97.75
< 0 DM,14,existing credits paid duly,car (new),3973,< 100 DM,unemployed,1,male: single,none,4,unknown / none,22,none,for free,1,skilled employee/official,1,none,yes,Good,19-25,283.79
0 - 200 DM,12,existing credits paid duly,car (new),888,< 100 DM,>= 7 years,4,male: single,none,4,car or other property,41,bank,own,1,unskilled resident,2,none,yes,Bad,36-45,74.0
no checking account,48,existing credits paid duly,radio/tv,10222,unknown / no savings account,4 - 7 years,4,male: single,none,3,car or other property,37,stores,own,1,skilled employee/official,1,yes,yes,Good,36-45,212.96
0 - 200 DM,30,no credits / all paid duly,business,4221,< 100 DM,1 - 4 years,2,female: divorced/separated/married,none,1,car or other property,28,none,own,2,skilled employee/official,1,none,yes,Good,26-35,140.7
0 - 200 DM,18,critical / other credits existing,furniture/equipment,6361,< 100 DM,>= 7 years,2,male: single,none,1,unknown / none,41,none,own,1,skilled employee/official,1,yes,yes,Good,36-45,353.39
>= 200 DM,12,existing credits paid duly,radio/tv,1297,< 100 DM,1 - 4 years,3,male: married/widowed,none,4,real estate,23,none,rent,1,skilled employee/official,1,none,yes,Good,19-25,108.08
< 0 DM,12,existing credits paid duly,car (new),900,unknown / no savings account,1 - 4 years,4,male: married/widowed,none,2,car or other property,23,none,own,1,skilled employee/official,1,none,yes,Bad,19-25,75.0
no checking account,21,existing credits paid duly,furniture/equipment,2241,< 100 DM,>= 7 years,4,male: single,none,2,real estate,50,none,own,2,skilled employee/official,1,none,yes,Good,46-55,106.71
0 - 200 DM,6,delay in past,furniture/equipment,1050,< 100 DM,unemployed,4,male: single,none,1,building society/life insurance,35,stores,own,2,management/self-employed/highly qualified,1,yes,yes,Good,26-35,175.0
>= 200 DM,6,critical / other credits existing,education,1047,< 100 DM,1 - 4 years,2,female: divorced/separated/married,none,4,building society/life insurance,50,none,own,1,unskilled resident,1,none,yes,Good,46-55,174.5
no checking account,24,critical / other credits existing,other,6314,< 100 DM,unemployed,4,male: single,co-applicant,2,unknown / none,27,bank,own,2,management/self-employed/highly qualified,1,yes,yes,Good,26-35,263.08
0 - 200 DM,30,all credits at this bank paid duly,furniture/equipment,3496,>= 1000 DM,1 - 4 years,4,male: single,none,2,car or other property,34,stores,own,1,skilled employee/official,2,yes,yes,Good,26-35,116.53
no checking account,48,all credits at this bank paid duly,business,3609,< 100 DM,1 - 4 years,1,female: divorced/separated/married,none,1,real estate,27,stores,own,1,skilled employee/official,1,none,yes,Good,26-35,75.19
< 0 DM,12,critical / other credits existing,car (new),4843,< 100 DM,>= 7 years,3,male: single,co-applicant,4,building society/life insurance,43,none,rent,2,skilled employee/official,1,yes,yes,Bad,36-45,403.58
>= 200 DM,30,critical / other credits existing,radio/tv,3017,< 100 DM,>= 7 years,4,male: single,none,4,building society/life insurance,47,none,own,1,skilled employee/official,1,none,yes,Good,46-55,100.57
no checking account,24,critical / other credits existing,business,4139,100 - 500 DM,1 - 4 years,3,male: single,none,3,building society/life insurance,27,none,own,2,unskilled resident,1,yes,yes,Good,26-35,172.46
no checking account,36,existing credits paid duly,business,5742,100 - 500 DM,4 - 7 years,2,male: single,none,2,car or other property,31,none,own,2,skilled employee/official,1,yes,yes,Good,26-35,159.5
no checking account,60,existing credits paid duly,car (new),10366,< 100 DM,>= 7 years,2,male: single,none,4,building society/life insurance,42,none,own,1,management/self-employed/highly qualified,1,yes,yes,Good,36-45,172.77
no checking account,6,critical / other credits existing,car (new),2080,500 - 1000 DM,1 - 4 years,1,male: married/widowed,none,2,car or other property,24,none,own,1,skilled employee/official,1,none,yes,Good,19-25,346.67
no checking account,21,delay in past,business,2580,500 - 1000 DM,< 1 year,4,male: single,none,2,real estate,41,bank,own,1,unskilled resident,2,none,yes,Bad,36-45,122.86
no checking account,30,critical / other credits existing,radio/tv,4530,< 100 DM,4 - 7 years,4,female: divorced/separated/married,none,4,car or other property,26,none,rent,1,management/self-employed/highly qualified,1,yes,yes,Good,26-35,151.0
no checking account,24,critical / other credits existing,furniture/equipment,5150,< 100 DM,>= 7 years,4,male: single,none,4,car or other property,33,none,own,1,skilled employee/official,1,yes,yes,Good,26-35,214.58
0 - 200 DM,72,existing credits paid duly,radio/tv,5595,100 - 500 DM,1 - 4 years,2,male: married/widowed,none,2,car or other property,24,none,own,1,skilled employee/official,1,none,yes,Bad,19-25,77.71
< 0 DM,24,existing credits paid duly,radio/tv,2384,< 100 DM,>= 7 years,4,male: single,none,4,real estate,64,bank,rent,1,unskilled resident,1,none,yes,Good,56+,99.33
no checking account,18,existing credits paid duly,radio/tv,1453,< 100 DM,< 1 year,3,female: divorced/separated/married,none,1,real estate,26,none,own,1,skilled employee/official,1,none,yes,Good,26-35,80.72
no checking account,6,existing credits paid duly,education,1538,< 100 DM,< 1 year,1,female: divorced/separated/married,none,2,unknown / none,56,none,own,1,skilled employee/official,1,none,yes,Good,56+,256.33
no checking account,12,existing credits paid duly,radio/tv,2279,unknown / no savings account,1 - 4 years,4,male: single,none,4,unknown / none,37,none,for free,1,skilled employee/official,1,yes,yes,Good,36-45,189.92
no checking account,15,delay in past,radio/tv,1478,< 100 DM,1 - 4 years,4,male: married/widowed,none,3,real estate,33,bank,own,2,skilled employee/official,1,none,yes,Good,26-35,98.53
no checking account,24,critical / other credits existing,radio/tv,5103,< 100 DM,< 1 year,3,male: married/widowed,none,3,unknown / none,47,none,for free,3,skilled employee/official,1,yes,yes,Good,46-55,212.62
0 - 200 DM,36,delay in past,business,9857,100 - 500 DM,4 - 7 years,1,male: single,none,3,building society/life insurance,31,none,own,2,unskilled resident,2,yes,yes,Good,26-35,273.81
no checking account,60,existing credits paid duly,car (new),6527,unknown / no savings account,1 - 4 years,4,male: single,none,4,unknown / none,34,none,for free,1,skilled employee/official,2,yes,yes,Good,26-35,108.78
>= 200 DM,10,critical / other credits existing,radio/tv,1347,unknown / no savings account,4 - 7 years,4,male: single,none,2,building society/life insurance,27,none,own,2,skilled employee/official,1,yes,yes,Good,26-35,134.7
0 - 200 DM,36,delay in past,car (new),2862,100 - 500 DM,>= 7 years,4,male: single,none,3,unknown / none,30,none,for free,1,skilled employee/official,1,none,yes,Good,26-35,79.5
no checking account,9,existing credits paid duly,radio/tv,2753,100 - 500 DM,>= 7 years,3,male: single,co-applicant,4,car or other property,35,none,own,1,skilled employee/official,1,yes,yes,Good,26-35,305.89
< 0 DM,12,existing credits paid duly,car (new),3651,>= 1000 DM,1 - 4 years,1,male: single,none,3,building society/life insurance,31,none,own,1,skilled employee/official,2,none,yes,Good,26-35,304.25
< 0 DM,15,critical / other credits existing,furniture/equipment,975,< 100 DM,1 - 4 years,2,male: divorced/separated,none,3,building society/life insurance,25,none,own,2,skilled employee/official,1,none,yes,Good,19-25,65.0
0 - 200 DM,15,existing credits paid duly,repairs,2631,100 - 500 DM,1 - 4 years,3,female: divorced/separated/married,none,2,real estate,25,none,own,1,unskilled resident,1,none,yes,Good,19-25,175.4
0 - 200 DM,24,existing credits paid duly,radio/tv,2896,100 - 500 DM,< 1 year,2,male: single,none,1,car or other property,29,none,own,1,skilled employee/official,1,none,yes,Good,26-35,120.67
< 0 DM,6,critical / other credits existing,car (new),4716,unknown / no savings account,< 1 year,1,male: single,none,3,real estate,44,none,own,2,unskilled resident,2,none,yes,Good,36-45,786.0
no checking account,24,existing credits paid duly,radio/tv,2284,< 100 DM,4 - 7 years,4,male: single,none,2,car or other property,28,none,own,1,skilled employee/official,1,yes,yes,Good,26-35,95.17
no checking account,6,existing credits paid duly,car (used),1236,500 - 1000 DM,1 - 4 years,2,male: single,none,4,building society/life insurance,50,none,rent,1,skilled employee/official,1,none,yes,Good,46-55,206.0
0 - 200 DM,12,existing credits paid duly,radio/tv,1103,< 100 DM,4 - 7 years,4,male: single,guarantor,3,real estate,29,none,own,2,skilled employee/official,1,none,no,Good,26-35,91.92
no checking account,12,critical / other credits existing,car (new),926,< 100 DM,unemployed,1,female: divorced/separated/married,none,2,building society/life insurance,38,none,own,1,unemployed/unskilled non-resident,1,none,yes,Good,36-45,77.17
no checking account,18,critical / other credits existing,radio/tv,1800,< 100 DM,1 - 4 years,4,male: single,none,2,car or other property,24,none,own,2,skilled employee/official,1,none,yes,Good,19-25,100.0
>= 200 DM,15,existing credits paid duly,education,1905,< 100 DM,>= 7 years,4,male: single,none,4,car or other property,40,none,rent,1,management/self-employed/highly qualified,1,yes,yes,Good,36-45,127.0
no checking account,12,existing credits paid duly,furniture/equipment,1123,500 - 1000 DM,1 - 4 years,4,female: divorced/separated/married,none,4,car or other property,29,none,rent,1,unskilled resident,1,none,yes,Bad,26-35,93.58
< 0 DM,48,critical / other credits existing,car (used),6331,< 100 DM,>= 7 years,4,male: single,none,4,unknown / none,46,none,for free,2,skilled employee/official,1,yes,yes,Bad,46-55,131.9
>= 200 DM,24,existing credits paid duly,radio/tv,1377,100 - 500 DM,>= 7 years,4,female: divorced/separated/married,none,2,unknown / none,47,none,for free,1,skilled employee/official,1,yes,yes,Good,46-55,57.38
0 - 200 DM,30,delay in past,business,2503,100 - 500 DM,>= 7 years,4,male: single,none,2,building society/life insurance,41,stores,own,2,skilled employee/official,1,none,yes,Good,36-45,83.43
0 - 200 DM,27,existing credits paid duly,business,2528,< 100 DM,< 1 year,4,female: divorced/separated/married,none,1,building society/life insurance,32,none,own,1,skilled employee/official,2,yes,yes,Good,26-35,93.63
no checking account,15,existing credits paid duly,car (new),5324,500 - 1000 DM,>= 7 years,1,female: divorced/separated/married,none,4,unknown / none,35,none,for free,1,skilled employee/official,1,none,yes,Good,26-35,354.93
0 - 200 DM,48,existing credits paid duly,car (new),6560,100 - 500 DM,4 - 7 years,3,male: single,none,2,building society/life insurance,24,none,own,1,skilled employee/official,1,none,yes,Bad,19-25,136.67
0 - 200 DM,12,no credits / all paid duly,furniture/equipment,2969,< 100 DM,< 1 year,4,female: divorced/separated/married,none,3,building society/life insurance,25,none,rent,2,skilled employee/official,1,none,yes,Bad,19-25,247.42
0 - 200 DM,9,existing credits paid duly,radio/tv,1206,< 100 DM,>= 7 years,4,female: divorced/separated/married,none,4,real estate,25,none,own,1,skilled employee/official,1,none,yes,Good,19-25,134.0
0 - 200 DM,9,existing credits paid duly,radio/tv,2118,< 100 DM,1 - 4 years,2,male: single,none,2,real estate,37,none,own,1,unskilled resident,2,none,yes,Good,36-45,235.33
no checking account,18,critical / other credits existing,radio/tv,629,500 - 1000 DM,>= 7 years,4,male: single,none,3,building society/life insurance,32,bank,own,2,management/self-employed/highly qualified,1,yes,yes,Good,26-35,34.94
< 0 DM,6,all credits at this bank paid duly,education,1198,< 100 DM,>= 7 years,4,female: divorced/separated/married,none,4,unknown / none,35,none,for free,1,skilled employee/official,1,none,yes,Bad,26-35,199.67
no checking account,21,existing credits paid duly,car (used),2476,unknown / no savings account,>= 7 years,4,male: single,none,4,real estate,46,none,own,1,management/self-employed/highly qualified,1,yes,yes,Good,46-55,117.9
< 0 DM,9,critical / other credits existing,radio/tv,1138,< 100 DM,1 - 4 years,4,male: single,none,4,real estate,25,none,own,2,unskilled resident,1,none,yes,Good,19-25,126.44
0 - 200 DM,60,existing credits paid duly,car (new),14027,< 100 DM,4 - 7 years,4,male: single,none,2,unknown / none,27,none,own,1,management/self-employed/highly qualified,1,yes,yes,Bad,26-35,233.78
no checking account,30,critical / other credits existing,car (used),7596,unknown / no savings account,>= 7 years,1,male: single,none,4,car or other property,63,none,own,2,skilled employee/official,1,none,yes,Good,56+,253.2
no checking account,30,critical / other credits existing,radio/tv,3077,unknown / no savings account,>= 7 years,3,male: single,none,2,car or other property,40,none,own,2,skilled employee/official,2,yes,yes,Good,36-45,102.57
no checking account,18,existing credits paid duly,radio/tv,1505,< 100 DM,1 - 4 years,4,male: single,none,2,unknown / none,32,none,for free,1,management/self-employed/highly qualified,1,yes,yes,Good,26-35,83.61
>= 200 DM,24,critical / other credits existing,radio/tv,3148,unknown / no savings account,1 - 4 years,3,male: single,none,2,car or other property,31,none,own,2,skilled employee/official,1,yes,yes,Good,26-35,131.17
0 - 200 DM,20,no credits / all paid duly,car (used),6148,100 - 500 DM,>= 7 years,3,male: married/widowed,none,4,car or other property,31,bank,own,2,skilled employee/official,1,yes,yes,Good,26-35,307.4
>= 200 DM,9,no credits / all paid duly,radio/tv,1337,< 100 DM,< 1 year,4,male: single,none,2,car or other property,34,none,own,2,management/self-employed/highly qualified,1,yes,yes,Bad,26-35,148.56
0 - 200 DM,6,all credits at this bank paid duly,education,433,>= 1000 DM,< 1 year,4,female: divorced/separated/married,none,2,building society/life insurance,24,bank,rent,1,skilled employee/official,2,none,yes,Bad,19-25,72.17
< 0 DM,12,existing credits paid duly,car (new),1228,< 100 DM,1 - 4 years,4,female: divorced/separated/married,none,2,real estate,24,none,own,1,unskilled resident,1,none,yes,Bad,19-25,102.33
0 - 200 DM,9,existing credits paid duly,radio/tv,790,500 - 1000 DM,1 - 4 years,4,female: divorced/separated/married,none,3,real estate,66,none,own,1,unskilled resident,1,none,yes,Good,56+,87.78
no checking account,27,existing credits paid duly,car (new),2570,< 100 DM,1 - 4 years,3,female: divorced/separated/married,none,3,real estate,21,none,rent,1,skilled employee/official,1,none,yes,Bad,19-25,95.19
no checking account,6,critical / other credits existing,car (new),250,>= 1000 DM,1 - 4 years,2,female: divorced/separated/married,none,2,real estate,41,bank,own,2,unskilled resident,1,none,yes,Good,36-45,41.67
no checking account,15,critical / other credits existing,radio/tv,1316,500 - 1000 DM,1 - 4 years,2,male: married/widowed,none,2,building society/life insurance,47,none,own,2,unskilled resident,1,none,yes,Good,46-55,87.73
< 0 DM,18,existing credits paid duly,radio/tv,1882,< 100 DM,1 - 4 years,4,female: divorced/separated/married,none,4,car or other property,25,bank,rent,2,skilled employee/official,1,none,yes,Bad,19-25,104.56
0 - 200 DM,48,all credits at this bank paid duly,business,6416,< 100 DM,>= 7 years,4,female: divorced/separated/married,none,3,unknown / none,59,none,rent,1,skilled employee/official,1,none,yes,Bad,56+,133.67
>= 200 DM,24,critical / other credits existing,business,1275,>= 1000 DM,1 - 4 years,2,male: divorced/separated,none,4,real estate,36,none,own,2,skilled employee/official,1,yes,yes,Good,36-45,53.12
0 - 200 DM,24,delay in past,radio/tv,6403,< 100 DM,< 1 year,1,male: single,none,2,car or other property,33,none,own,1,skilled employee/official,1,none,yes,Good,26-35,266.79
< 0 DM,24,existing credits paid duly,radio/tv,1987,< 100 DM,1 - 4 years,2,male: single,none,4,real estate,21,none,rent,1,unskilled resident,2,none,yes,Bad,19-25,82.79
0 - 200 DM,8,existing credits paid duly,radio/tv,760,< 100 DM,4 - 7 years,4,female: divorced/separated/married,guarantor,2,real estate,44,none,own,1,unskilled resident,1,none,yes,Good,36-45,95.0
no checking account,24,existing credits paid duly,car (used),2603,>= 1000 DM,1 - 4 years,2,female: divorced/separated/married,none,4,car or other property,28,none,rent,1,skilled employee/official,1,yes,yes,Good,26-35,108.46
no checking account,4,critical / other credits existing,car (new),3380,< 100 DM,4 - 7 years,1,female: divorced/separated/married,none,1,real estate,37,none,own,1,skilled employee/official,2,none,yes,Good,36-45,845.0
0 - 200 DM,36,all credits at this bank paid duly,domestic appliances,3990,unknown / no savings account,< 1 year,3,female: divorced/separated/married,none,2,unknown / none,29,bank,own,1,unemployed/unskilled non-resident,1,none,yes,Good,26-35,110.83
0 - 200 DM,24,existing credits paid duly,car (used),11560,< 100 DM,1 - 4 years,1,female: divorced/separated/married,none,4,car or other property,23,none,rent,2,management/self-employed/highly qualified,1,none,yes,Bad,19-25,481.67
< 0 DM,18,existing credits paid duly,car (new),4380,100 - 500 DM,1 - 4 years,3,male: single,none,4,car or other property,35,none,own,1,unskilled resident,2,yes,yes,Good,26-35,243.33
no checking account,6,critical / other credits existing,car (new),6761,< 100 DM,4 - 7 years,1,male: single,none,3,unknown / none,45,none,own,2,management/self-employed/highly qualified,2,yes,yes,Good,36-45,1126.83
0 - 200 DM,30,no credits / all paid duly,business,4280,100 - 500 DM,1 - 4 years,4,female: divorced/separated/married,none,4,car or other property,26,none,rent,2,unskilled resident,1,none,yes,Bad,26-35,142.67
< 0 DM,24,all credits at this bank paid duly,car (new),2325,100 - 500 DM,4 - 7 years,2,male: single,none,3,car or other property,32,bank,own,1,skilled employee/official,1,none,yes,Good,26-35,96.88
0 - 200 DM,10,all credits at this bank paid duly,radio/tv,1048,< 100 DM,1 - 4 years,4,male: single,none,4,real estate,23,stores,own,1,unskilled resident,1,none,yes,Good,19-25,104.8
no checking account,21,existing credits paid duly,radio/tv,3160,unknown / no savings account,>= 7 years,4,male: single,none,3,building society/life insurance,41,none,own,1,skilled employee/official,1,yes,yes,Good,36-45,150.48
< 0 DM,24,all credits at this bank paid duly,furniture/equipment,2483,500 - 1000 DM,1 - 4 years,4,male: single,none,4,real estate,22,stores,own,1,skilled employee/official,1,yes,yes,Good,19-25,103.46
< 0 DM,39,critical / other credits existing,furniture/equipment,14179,unknown / no savings account,4 - 7 years,4,male: single,none,4,building society/life insurance,30,none,own,2,management/self-employed/highly qualified,1,yes,yes,Good,26-35,363.56
< 0 DM,13,critical / other credits existing,business,1797,< 100 DM,< 1 year,3,male: single,none,1,building society/life insurance,28,bank,own,2,unskilled resident,1,none,yes,Good,26-35,138.23
< 0 DM,15,existing credits paid duly,car (new),2511,< 100 DM,unemployed,1,female: divorced/separated/married,none,4,car or other property,23,none,rent,1,skilled employee/official,1,none,yes,Good,19-25,167.4
< 0 DM,12,existing credits paid duly,car (new),1274,< 100 DM,< 1 year,3,female: divorced/separated/married,none,1,real estate,37,none,own,1,unskilled resident,1,none,yes,Bad,36-45,106.17
no checking account,21,existing credits paid duly,car (used),5248,unknown / no savings account,1 - 4 years,1,male: single,none,3,car or other property,26,none,own,1,skilled employee/official,1,none,yes,Good,26-35,249.9
no checking account,15,existing credits paid duly,car (used),3029,< 100 DM,4 - 7 years,2,male: single,none,2,car or other property,33,none,own,1,skilled employee/official,1,none,yes,Good,26-35,201.93
< 0 DM,6,existing credits paid duly,furniture/equipment,428,< 100 DM,>= 7 years,2,female: divorced/separated/married,none,1,building society/life insurance,49,bank,own,1,skilled employee/official,1,yes,yes,Good,46-55,71.33
< 0 DM,18,existing credits paid duly,car (new),976,< 100 DM,< 1 year,1,female: divorced/separated/married,none,2,car or other property,23,none,own,1,unskilled resident,1,none,yes,Bad,19-25,54.22
0 - 200 DM,12,existing credits paid duly,business,841,100 - 500 DM,4 - 7 years,2,female: divorced/separated/married,none,4,real estate,23,none,rent,1,unskilled resident,1,none,yes,Good,19-25,70.08
no checking account,30,critical / other credits existing,radio/tv,5771,< 100 DM,4 - 7 years,4,female: divorced/separated/married,none,2,car or other property,25,none,own,2,skilled employee/official,1,none,yes,Good,19-25,192.37
no checking account,12,delay in past,repairs,1555,>= 1000 DM,>= 7 years,4,male: single,none,4,unknown / none,55,none,for free,2,skilled employee/official,2,none,yes,Bad,46-55,129.58
< 0 DM,24,existing credits paid duly,car (new),1285,unknown / no savings account,4 - 7 years,4,female: divorced/separated/married,none,4,unknown / none,32,none,rent,1,skilled employee/official,1,none,yes,Bad,26-35,53.54
>= 200 DM,6,critical / other credits existing,car (new),1299,< 100 DM,1 - 4 years,1,male: single,none,1,real estate,74,none,own,3,unemployed/unskilled non-resident,2,none,no,Good,56+,216.5
>= 200 DM,15,critical / other credits existing,radio/tv,1271,unknown / no savings account,1 - 4 years,3,male: single,none,4,unknown / none,39,none,for free,2,skilled employee/official,1,yes,yes,Bad,36-45,84.73
no checking account,24,existing credits paid duly,car (new),1393,< 100 DM,1 - 4 years,2,male: single,guarantor,2,real estate,31,none,own,1,skilled employee/official,1,yes,yes,Good,26-35,58.04
< 0 DM,12,critical / other credits existing,car (new),691,< 100 DM,>= 7 years,4,male: single,none,3,building society/life insurance,35,none,own,2,skilled employee/official,1,none,yes,Bad,26-35,57.58
no checking account,15,critical / other credits existing,car (new),5045,unknown / no savings account,>= 7 years,1,female: divorced/separated/married,none,4,car or other property,59,none,own,1,skilled employee/official,1,yes,yes,Good,56+,336.33
< 0 DM,18,critical / other credits existing,furniture/equipment,2124,< 100 DM,1 - 4 years,4,female: divorced/separated/married,none,4,real estate,24,none,rent,2,skilled employee/official,1,none,yes,Bad,19-25,118.0
< 0 DM,12,existing credits paid duly,radio/tv,2214,< 100 DM,1 - 4 years,4,male: single,none,3,building society/life insurance,24,none,own,1,unskilled resident,1,none,yes,Good,19-25,184.5
no checking account,21,critical / other credits existing,car (new),12680,unknown / no savings account,>= 7 years,4,male: single,none,4,unknown / none,30,none,for free,1,management/self-employed/highly qualified,1,yes,yes,Bad,26-35,603.81
no checking account,24,critical / other credits existing,car (new),2463,100 - 500 DM,4 - 7 years,4,male: married/widowed,none,3,building society/life insurance,27,none,own,2,skilled employee/official,1,yes,yes,Good,26-35,102.62
0 - 200 DM,12,existing credits paid duly,radio/tv,1155,< 100 DM,>= 7 years,3,male: married/widowed,guarantor,3,real estate,40,bank,own,2,unskilled resident,1,none,yes,Good,36-45,96.25
< 0 DM,30,existing credits paid duly,furniture/equipment,3108,< 100 DM,< 1 year,2,male: divorced/separated,none,4,building society/life insurance,31,none,own,1,unskilled resident,1,none,yes,Bad,26-35,103.6
no checking account,10,existing credits paid duly,car (used),2901,unknown / no savings account,< 1 year,1,female: divorced/separated/married,none,4,real estate,31,none,rent,1,skilled employee/official,1,none,yes,Good,26-35,290.1
0 - 200 DM,12,critical / other credits existing,furniture/equipment,3617,< 100 DM,>= 7 years,1,male: single,none,4,car or other property,28,none,rent,3,skilled employee/official,1,yes,yes,Good,26-35,301.42
no checking account,12,critical / other credits existing,radio/tv,1655,< 100 DM,>= 7 years,2,male: single,none,4,real estate,63,none,own,2,unskilled resident,1,yes,yes,Good,56+,137.92
< 0 DM,24,existing credits paid duly,car (used),2812,unknown / no savings account,>= 7 years,2,female: divorced/separated/married,none,4,real estate,26,none,rent,1,skilled employee/official,1,none,yes,Good,26-35,117.17
< 0 DM,36,critical / other credits existing,education,8065,< 100 DM,1 - 4 years,3,female: divorced/separated/married,none,2,unknown / none,25,none,own,2,management/self-employed/highly qualified,1,yes,yes,Bad,19-25,224.03
no checking account,21,critical / other credits existing,car (used),3275,< 100 DM,>= 7 years,1,male: single,none,4,car or other property,36,none,own,1,management/self-employed/highly qualified,1,yes,yes,Good,36-45,155.95
no checking account,24,critical / other credits existing,radio/tv,2223,100 - 500 DM,>= 7 years,4,male: single,none,4,building society/life insurance,52,bank,own,2,skilled employee/official,1,none,yes,Good,46-55,92.62
>= 200 DM,12,critical / other credits existing,car (new),1480,500 - 1000 DM,unemployed,2,male: single,none,4,unknown / none,66,bank,for free,3,unemployed/unskilled non-resident,1,none,yes,Good,56+,123.33
< 0 DM,24,existing credits paid duly,car (new),1371,unknown / no savings account,1 - 4 years,4,female: divorced/separated/married,none,4,real estate,25,none,rent,1,skilled employee/official,1,none,yes,Bad,19-25,57.12
no checking account,36,critical / other credits existing,car (new),3535,< 100 DM,4 - 7 years,4,male: single,none,4,car or other property,37,none,own,2,skilled employee/official,1,yes,yes,Good,36-45,98.19
< 0 DM,18,existing credits paid duly,radio/tv,3509,< 100 DM,4 - 7 years,4,female: divorced/separated/married,guarantor,1,real estate,25,none,own,1,skilled employee/official,1,none,yes,Good,19-25,194.94
no checking account,36,critical / other credits existing,car (used),5711,>= 1000 DM,>= 7 years,4,male: single,none,2,car or other property,38,none,own,2,management/self-employed/highly qualified,1,yes,yes,Good,36-45,158.64
0 - 200 DM,18,existing credits paid duly,repairs,3872,< 100 DM,unemployed,2,female: divorced/separated/married,none,4,car or other property,67,none,own,1,skilled employee/official,1,yes,yes,Good,56+,215.11
0 - 200 DM,39,critical / other credits existing,radio/tv,4933,< 100 DM,4 - 7 years,2,male: single,guarantor,2,real estate,25,none,own,2,skilled employee/official,1,none,yes,Bad,19-25,126.49
no checking account,24,critical / other credits existing,car (new),1940,>= 1000 DM,>= 7 years,4,male: single,none,4,real estate,60,none,own,1,skilled employee/official,1,yes,yes,Good,56+,80.83
0 - 200 DM,12,no credits / all paid duly,retraining,1410,< 100 DM,1 - 4 years,2,male: single,none,2,real estate,31,none,own,1,unskilled resident,1,yes,yes,Good,26-35,117.5
0 - 200 DM,12,existing credits paid duly,car (new),836,100 - 500 DM,< 1 year,4,female: divorced/separated/married,none,2,building society/life insurance,23,bank,own,1,unskilled resident,1,none,yes,Bad,19-25,69.67
0 - 200 DM,20,existing credits paid duly,car (used),6468,unknown / no savings account,unemployed,1,male: divorced/separated,none,4,real estate,60,none,own,1,management/self-employed/highly qualified,1,yes,yes,Good,56+,323.4
0 - 200 DM,18,existing credits paid duly,business,1941,>= 1000 DM,1 - 4 years,4,male: single,none,2,building society/life insurance,35,none,own,1,unskilled resident,1,yes,yes,Good,26-35,107.83
no checking account,22,existing credits paid duly,radio/tv,2675,500 - 1000 DM,>= 7 years,3,male: single,none,4,car or other property,40,none,own,1,skilled employee/official,1,none,yes,Good,36-45,121.59
no checking account,48,critical / other credits existing,car (used),2751,unknown / no savings account,>= 7 years,4,male: single,none,3,car or other property,38,none,own,2,skilled employee/official,2,yes,yes,Good,36-45,57.31
0 - 200 DM,48,delay in past,education,6224,< 100 DM,>= 7 years,4,male: single,none,4,unknown / none,50,none,for free,1,skilled employee/official,1,none,yes,Bad,46-55,129.67
< 0 DM,40,critical / other credits existing,education,5998,< 100 DM,1 - 4 years,4,male: single,none,3,unknown / none,27,bank,own,1,skilled employee/official,1,yes,yes,Bad,26-35,149.95
0 - 200 DM,21,existing credits paid duly,business,1188,< 100 DM,>= 7 years,2,female: divorced/separated/married,none,4,building society/life insurance,39,none,own,1,skilled employee/official,2,none,yes,Bad,36-45,56.57
no checking account,24,existing credits paid duly,car (used),6313,unknown / no savings account,>= 7 years,3,male: single,none,4,car or other property,41,none,own,1,management/self-employed/highly qualified,2,yes,yes,Good,36-45,263.04
no checking account,6,critical / other credits existing,furniture/equipment,1221,unknown / no savings account,1 - 4 years,1,male: married/widowed,none,2,building society/life insurance,27,none,own,2,skilled employee/official,1,none,yes,Good,26-35,203.5
>= 200 DM,24,existing credits paid duly,furniture/equipment,2892,< 100 DM,>= 7 years,3,male: divorced/separated,none,4,unknown / none,51,none,for free,1,skilled employee/official,1,none,yes,Good,46-55,120.5
no checking account,24,existing credits paid duly,furniture/equipment,3062,500 - 1000 DM,>= 7 years,4,male: single,none,3,unknown / none,32,none,rent,1,skilled employee/official,1,yes,yes,Good,26-35,127.58
no checking account,9,existing credits paid duly,furniture/equipment,2301,100 - 500 DM,< 1 year,2,female: divorced/separated/married,none,4,building society/life insurance,22,none,rent,1,skilled employee/official,1,none,yes,Good,19-25,255.67
< 0 DM,18,existing credits paid duly,car (used),7511,unknown / no savings account,>= 7 years,1,male: single,none,4,building society/life insurance,51,none,for free,1,skilled employee/official,2,yes,yes,Bad,46-55,417.28
no checking account,12,critical / other credits existing,furniture/equipment,1258,< 100 DM,< 1 year,2,female: divorced/separated/married,none,4,building society/life insurance,22,none,rent,2,unskilled resident,1,none,yes,Good,19-25,104.83
no checking account,24,delay in past,car (new),717,unknown / no savings account,>= 7 years,4,male: married/widowed,none,4,car or other property,54,none,own,2,skilled employee/official,1,yes,yes,Good,46-55,29.88
0 - 200 DM,9,existing credits paid duly,car (new),1549,unknown / no savings account,< 1 year,4,male: single,none,2,real estate,35,none,own,1,unemployed/unskilled non-resident,1,none,yes,Good,26-35,172.11
no checking account,24,critical / other credits existing,education,1597,< 100 DM,>= 7 years,4,male: single,none,4,unknown / none,54,none,for free,2,skilled employee/official,2,none,yes,Good,46-55,66.54
0 - 200 DM,18,critical / other credits existing,radio/tv,1795,< 100 DM,>= 7 years,3,female: divorced/separated/married,guarantor,4,real estate,48,bank,rent,2,unskilled resident,1,yes,yes,Good,46-55,99.72
< 0 DM,20,critical / other credits existing,furniture/equipment,4272,< 100 DM,>= 7 years,1,female: divorced/separated/married,none,4,building society/life insurance,24,none,own,2,skilled employee/official,1,none,yes,Good,19-25,213.6
no checking account,12,critical / other credits existing,radio/tv,976,unknown / no savings account,>= 7 years,4,male: single,none,4,car or other property,35,none,own,2,skilled employee/official,1,none,yes,Good,26-35,81.33
0 - 200 DM,12,existing credits paid duly,car (new),7472,unknown / no savings account,unemployed,1,female: divorced/separated/married,none,2,real estate,24,none,rent,1,unemployed/unskilled non-resident,1,none,yes,Good,19-25,622.67
< 0 DM,36,existing credits paid duly,car (new),9271,< 100 DM,4 - 7 years,2,male: single,none,1,car or other property,24,none,own,1,skilled employee/official,1,yes,yes,Bad,19-25,257.53
0 - 200 DM,6,existing credits paid duly,radio/tv,590,< 100 DM,< 1 year,3,male: married/widowed,none,3,real estate,26,none,own,1,unskilled resident,1,none,no,Good,26-35,98.33
no checking account,12,critical / other credits existing,radio/tv,930,unknown / no savings account,>= 7 years,4,male: single,none,4,real estate,65,none,own,4,skilled employee/official,1,none,yes,Good,56+,77.5
0 - 200 DM,42,all credits at this bank paid duly,car (used),9283,< 100 DM,unemployed,1,male: single,none,2,unknown / none,55,bank,for free,1,management/self-employed/highly qualified,1,yes,yes,Good,46-55,221.02
0 - 200 DM,15,no credits / all paid duly,car (new),1778,< 100 DM,< 1 year,2,female: divorced/separated/married,none,1,real estate,26,none,rent,2,unemployed/unskilled non-resident,1,none,yes,Bad,26-35,118.53
0 - 200 DM,8,existing credits paid duly,business,907,< 100 DM,< 1 year,3,male: married/widowed,none,2,real estate,26,none,own,1,skilled employee/official,1,yes,yes,Good,26-35,113.38
0 - 200 DM,6,existing credits paid duly,radio/tv,484,< 100 DM,4 - 7 years,3,male: married/widowed,guarantor,3,real estate,28,bank,own,1,unskilled resident,1,none,yes,Good,26-35,80.67
< 0 DM,36,critical / other credits existing,car (used),9629,< 100 DM,4 - 7 years,4,male: single,none,4,car or other property,24,none,own,2,skilled employee/official,1,yes,yes,Bad,19-25,267.47
< 0 DM,48,existing credits paid duly,domestic appliances,3051,< 100 DM,1 - 4 years,3,male: single,none,4,car or other property,54,none,own,1,skilled employee/official,1,none,yes,Bad,46-55,63.56
< 0 DM,48,existing credits paid duly,car (new),3931,< 100 DM,4 - 7 years,4,male: single,none,4,unknown / none,46,none,for free,1,skilled employee/official,2,none,yes,Bad,46-55,81.9
0 - 200 DM,36,delay in past,car (new),7432,< 100 DM,1 - 4 years,2,female: divorced/separated/married,none,2,building society/life insurance,54,none,rent,1,skilled employee/official,1,none,yes,Good,46-55,206.44
no checking account,6,existing credits paid duly,domestic appliances,1338,500 - 1000 DM,1 - 4 years,1,male: divorced/separated,none,4,real estate,62,none,own,1,skilled employee/official,1,none,yes,Good,56+,223.0
no checking account,6,critical / other credits existing,radio/tv,1554,< 100 DM,4 - 7 years,1,female: divorced/separated/married,none,2,car or other property,24,none,rent,2,skilled employee/official,1,yes,yes,Good,19-25,259.0
< 0 DM,36,existing credits paid duly,other,15857,< 100 DM,unemployed,2,male: divorced/separated,co-applicant,3,car or other property,43,none,own,1,management/self-employed/highly qualified,1,none,yes,Good,36-45,440.47
< 0 DM,18,existing credits paid duly,radio/tv,1345,< 100 DM,1 - 4 years,4,male: married/widowed,none,3,real estate,26,bank,own,1,skilled employee/official,1,none,yes,Bad,26-35,74.72
no checking account,12,existing credits paid duly,car (new),1101,< 100 DM,1 - 4 years,3,male: married/widowed,none,2,real estate,27,none,own,2,skilled employee/official,1,yes,yes,Good,26-35,91.75
>= 200 DM,12,existing credits paid duly,radio/tv,3016,< 100 DM,1 - 4 years,3,male: married/widowed,none,1,car or other property,24,none,own,1,skilled employee/official,1,none,yes,Good,19-25,251.33
< 0 DM,36,existing credits paid duly,furniture/equipment,2712,< 100 DM,>= 7 years,2,male: single,none,2,building society/life insurance,41,bank,own,1,skilled employee/official,2,none,yes,Bad,36-45,75.33
< 0 DM,8,critical / other credits existing,car (new),731,< 100 DM,>= 7 years,4,male: single,none,4,real estate,47,none,own,2,unskilled resident,1,none,yes,Good,46-55,91.38
no checking account,18,critical / other credits existing,furniture/equipment,3780,< 100 DM,< 1 year,3,male: divorced/separated,none,2,car or other property,35,none,own,2,management/self-employed/highly qualified,1,yes,yes,Good,26-35,210.0
< 0 DM,21,critical / other credits existing,car (new),1602,< 100 DM,>= 7 years,4,male: married/widowed,none,3,car or other property,30,none,own,2,skilled employee/official,1,yes,yes,Good,26-35,76.29
< 0 DM,18,critical / other credits existing,car (new),3966,< 100 DM,>= 7 years,1,female: divorced/separated/married,none,4,real estate,33,bank,rent,3,skilled employee/official,1,yes,yes,Bad,26-35,220.33
no checking account,18,no credits / all paid duly,business,4165,< 100 DM,1 - 4 years,2,male: single,none,2,car or other property,36,stores,own,2,skilled employee/official,2,none,yes,Bad,36-45,231.39
< 0 DM,36,existing credits paid duly,car (used),8335,unknown / no savings account,>= 7 years,3,male: single,none,4,unknown / none,47,none,for free,1,skilled employee/official,1,none,yes,Bad,46-55,231.53
0 - 200 DM,48,delay in past,business,6681,unknown / no savings account,1 - 4 years,4,male: single,none,4,unknown / none,38,none,for free,1,skilled employee/official,2,yes,yes,Good,36-45,139.19
no checking account,24,delay in past,business,2375,500 - 1000 DM,1 - 4 years,4,male: single,none,2,car or other property,44,none,own,2,skilled employee/official,2,yes,yes,Good,36-45,98.96
< 0 DM,18,existing credits paid duly,car (new),1216,< 100 DM,< 1 year,4,female: divorced/separated/married,none,3,car or other property,23,none,rent,1,skilled employee/official,1,yes,yes,Bad,19-25,67.56
< 0 DM,45,no credits / all paid duly,business,11816,< 100 DM,>= 7 years,2,male: single,none,4,car or other property,29,none,rent,2,skilled employee/official,1,none,yes,Bad,26-35,262.58
0 - 200 DM,24,existing credits paid duly,radio/tv,5084,unknown / no savings account,>= 7 years,2,female: divorced/separated/married,none,4,car or other property,42,none,own,1,skilled employee/official,1,yes,yes,Good,36-45,211.83
>= 200 DM,15,existing credits paid duly,radio/tv,2327,< 100 DM,< 1 year,2,female: divorced/separated/married,none,3,real estate,25,none,own,1,unskilled resident,1,none,yes,Bad,19-25,155.13
< 0 DM,12,no credits / all paid duly,car (new),1082,< 100 DM,1 - 4 years,4,male: single,none,4,car or other property,48,bank,own,2,skilled employee/official,1,none,yes,Bad,46-55,90.17
no checking account,12,existing credits paid duly,radio/tv,886,unknown / no savings account,1 - 4 years,4,female: divorced/separated/married,none,2,car or other property,21,none,own,1,skilled employee/official,1,none,yes,Good,19-25,73.83
no checking account,4,existing credits paid duly,furniture/equipment,601,< 100 DM,< 1 year,1,female: divorced/separated/married,none,3,real estate,23,none,rent,1,unskilled resident,2,none,yes,Good,19-25,150.25
< 0 DM,24,critical / other credits existing,car (used),2957,< 100 DM,>= 7 years,4,male: single,none,4,building society/life insurance,63,none,own,2,skilled employee/official,1,yes,yes,Good,56+,123.21
no checking account,24,critical / other credits existing,radio/tv,2611,< 100 DM,>= 7 years,4,male: married/widowed,co-applicant,3,real estate,46,none,own,2,skilled employee/official,1,none,yes,Good,46-55,108.79
< 0 DM,36,existing credits paid duly,furniture/equipment,5179,< 100 DM,4 - 7 years,4,male: single,none,2,building society/life insurance,29,none,own,1,skilled employee/official,1,none,yes,Bad,26-35,143.86
no checking account,21,delay in past,car (used),2993,< 100 DM,1 - 4 years,3,male: single,none,2,real estate,28,stores,own,2,unskilled resident,1,none,yes,Good,26-35,142.52
no checking account,18,existing credits paid duly,repairs,1943,< 100 DM,< 1 year,4,female: divorced/separated/married,none,4,real estate,23,none,own,1,skilled employee/official,1,none,yes,Bad,19-25,107.94
no checking account,24,all credits at this bank paid duly,business,1559,< 100 DM,4 - 7 years,4,male: single,none,4,car or other property,50,bank,own,1,skilled employee/official,1,yes,yes,Good,46-55,64.96
no checking account,18,existing credits paid duly,furniture/equipment,3422,< 100 DM,>= 7 years,4,male: single,none,4,building society/life insurance,47,bank,own,3,skilled employee/official,2,yes,yes,Good,46-55,190.11
0 - 200 DM,21,existing credits paid duly,furniture/equipment,3976,unknown / no savings account,4 - 7 years,2,male: single,none,3,car or other property,35,none,own,1,skilled employee/official,1,yes,yes,Good,26-35,189.33
no checking account,18,existing credits paid duly,car (new),6761,unknown / no savings account,1 - 4 years,2,male: single,none,4,car or other property,68,none,rent,2,skilled employee/official,1,none,yes,Bad,56+,375.61
no checking account,24,existing credits paid duly,car (new),1249,< 100 DM,< 1 year,4,male: married/widowed,none,2,real estate,28,none,own,1,skilled employee/official,1,none,yes,Good,26-35,52.04
< 0 DM,9,existing credits paid duly,radio/tv,1364,< 100 DM,4 - 7 years,3,male: single,none,4,real estate,59,none,own,1,skilled employee/official,1,none,yes,Good,56+,151.56
< 0 DM,12,existing credits paid duly,radio/tv,709,< 100 DM,>= 7 years,4,male: single,none,4,real estate,57,stores,own,1,unskilled resident,1,none,yes,Bad,56+,59.08
< 0 DM,20,critical / other credits existing,car (new),2235,< 100 DM,1 - 4 years,4,male: married/widowed,guarantor,2,building society/life insurance,33,bank,rent,2,skilled employee/official,1,none,no,Bad,26-35,111.75
no checking account,24,critical / other credits existing,car (used),4042,unknown / no savings account,4 - 7 years,3,male: single,none,4,building society/life insurance,43,none,own,2,skilled employee/official,1,yes,yes,Good,36-45,168.42
no checking account,15,critical / other credits existing,radio/tv,1471,< 100 DM,1 - 4 years,4,male: single,none,4,unknown / none,35,none,for free,2,skilled employee/official,1,yes,yes,Good,26-35,98.07
< 0 DM,18,all credits at this bank paid duly,car (new),1442,< 100 DM,4 - 7 years,4,male: single,none,4,unknown / none,32,none,for free,2,unskilled resident,2,none,yes,Bad,26-35,80.11
no checking account,36,delay in past,car (new),10875,< 100 DM,>= 7 years,2,male: single,none,2,car or other property,45,none,own,2,skilled employee/official,2,yes,yes,Good,36-45,302.08
no checking account,24,existing credits paid duly,car (new),1474,100 - 500 DM,< 1 year,4,male: married/widowed,none,3,real estate,33,none,own,1,skilled employee/official,1,yes,yes,Good,26-35,61.42
no checking account,10,existing credits paid duly,retraining,894,unknown / no savings account,4 - 7 years,4,female: divorced/separated/married,none,3,building society/life insurance,40,none,own,1,skilled employee/official,1,yes,yes,Good,36-45,89.4
no checking account,15,critical / other credits existing,furniture/equipment,3343,< 100 DM,1 - 4 years,4,male: single,none,2,unknown / none,28,none,for free,1,skilled employee/official,1,yes,yes,Good,26-35,222.87
< 0 DM,15,existing credits paid duly,car (new),3959,< 100 DM,1 - 4 years,3,female: divorced/separated/married,none,2,building society/life insurance,29,none,own,1,skilled employee/official,1,yes,yes,Bad,26-35,263.93
no checking account,9,existing credits paid duly,car (new),3577,100 - 500 DM,1 - 4 years,1,male: single,guarantor,2,real estate,26,none,rent,1,skilled employee/official,2,none,no,Good,26-35,397.44
no checking account,24,critical / other credits existing,car (used),5804,>= 1000 DM,1 - 4 years,4,male: single,none,2,real estate,27,none,own,2,skilled employee/official,1,none,yes,Good,26-35,241.83
no checking account,18,delay in past,business,2169,< 100 DM,1 - 4 years,4,male: married/widowed,none,2,car or other property,28,none,own,1,skilled employee/official,1,yes,yes,Bad,26-35,120.5
< 0 DM,24,existing credits paid duly,radio/tv,2439,< 100 DM,< 1 year,4,female: divorced/separated/married,none,4,real estate,35,none,own,1,skilled employee/official,1,yes,yes,Bad,26-35,101.62
no checking account,27,critical / other credits existing,furniture/equipment,4526,>= 1000 DM,< 1 year,4,male: single,none,2,real estate,32,stores,own,2,unskilled resident,2,yes,yes,Good,26-35,167.63
no checking account,10,existing credits paid duly,furniture/equipment,2210,< 100 DM,1 - 4 years,2,male: single,none,2,real estate,25,bank,rent,1,unskilled resident,1,none,yes,Bad,19-25,221.0
no checking account,15,existing credits paid duly,furniture/equipment,2221,500 - 1000 DM,1 - 4 years,2,female: divorced/separated/married,none,4,car or other property,20,none,rent,1,skilled employee/official,1,none,yes,Good,19-25,148.07
< 0 DM,18,existing credits paid duly,radio/tv,2389,< 100 DM,< 1 year,4,female: divorced/separated/married,none,1,car or other property,27,stores,own,1,skilled employee/official,1,none,yes,Good,26-35,132.72
no checking account,12,critical / other credits existing,furniture/equipment,3331,< 100 DM,>= 7 years,2,male: single,none,4,building society/life insurance,42,stores,own,1,skilled employee/official,1,none,yes,Good,36-45,277.58
no checking account,36,existing credits paid duly,business,7409,unknown / no savings account,>= 7 years,3,male: single,none,2,building society/life insurance,37,none,own,2,skilled employee/official,1,none,yes,Good,36-45,205.81
< 0 DM,12,existing credits paid duly,furniture/equipment,652,< 100 DM,>= 7 years,4,female: divorced/separated/married,none,4,building society/life insurance,24,none,rent,1,skilled employee/official,1,none,yes,Good,19-25,54.33
no checking account,36,delay in past,furniture/equipment,7678,500 - 1000 DM,4 - 7 years,2,female: divorced/separated/married,none,4,car or other property,40,none,own,2,skilled employee/official,1,yes,yes,Good,36-45,213.28
>= 200 DM,6,critical / other credits existing,car (new),1343,< 100 DM,>= 7 years,1,male: single,none,4,real estate,46,none,own,2,skilled employee/official,2,none,no,Good,46-55,223.83
< 0 DM,24,critical / other credits existing,business,1382,100 - 500 DM,4 - 7 years,4,male: single,none,1,real estate,26,none,own,2,skilled employee/official,1,yes,yes,Good,26-35,57.58
no checking account,15,existing credits paid duly,domestic appliances,874,unknown / no savings account,< 1 year,4,female: divorced/separated/married,none,1,real estate,24,none,own,1,skilled employee/official,1,none,yes,Good,19-25,58.27
< 0 DM,12,existing credits paid duly,furniture/equipment,3590,< 100 DM,1 - 4 years,2,male: single,co-applicant,2,building society/life insurance,29,none,own,1,unskilled resident,2,none,yes,Good,26-35,299.17
0 - 200 DM,11,critical / other credits existing,car (new),1322,>= 1000 DM,1 - 4 years,4,female: divorced/separated/married,none,4,car or other property,40,none,own,2,skilled employee/official,1,none,yes,Good,36-45,120.18
< 0 DM,18,all credits at this bank paid duly,radio/tv,1940,< 100 DM,< 1 year,3,male: single,co-applicant,4,unknown / none,36,bank,for free,1,management/self-employed/highly qualified,1,yes,yes,Good,36-45,107.78
no checking account,36,existing credits paid duly,radio/tv,3595,< 100 DM,>= 7 years,4,male: single,none,2,car or other property,28,none,own,1,skilled employee/official,1,none,yes,Good,26-35,99.86
< 0 DM,9,existing credits paid duly,car (new),1422,< 100 DM,< 1 year,3,male: single,none,2,unknown / none,27,none,for free,1,management/self-employed/highly qualified,1,yes,yes,Bad,26-35,158.0
no checking account,30,critical / other credits existing,radio/tv,6742,unknown / no savings account,4 - 7 years,2,male: single,none,3,building society/life insurance,36,none,own,2,skilled employee/official,1,none,yes,Good,36-45,224.73
no checking account,24,existing credits paid duly,car (used),7814,< 100 DM,4 - 7 years,3,male: single,none,3,car or other property,38,none,own,1,management/self-employed/highly qualified,1,yes,yes,Good,36-45,325.58
no checking account,24,existing credits paid duly,car (used),9277,unknown / no savings account,1 - 4 years,2,male: divorced/separated,none,4,unknown / none,48,none,for free,1,skilled employee/official,1,yes,yes,Good,46-55,386.54
0 - 200 DM,30,critical / other credits existing,car (new),2181,unknown / no savings account,>= 7 years,4,male: single,none,4,real estate,36,none,own,2,skilled employee/official,1,none,yes,Good,36-45,72.7
no checking account,18,critical / other credits existing,radio/tv,1098,< 100 DM,unemployed,4,female: divorced/separated/married,none,4,car or other property,65,none,own,2,unemployed/unskilled non-resident,1,none,yes,Good,56+,61.0
0 - 200 DM,24,existing credits paid duly,furniture/equipment,4057,< 100 DM,4 - 7 years,3,male: divorced/separated,none,3,car or other property,43,none,own,1,skilled employee/official,1,yes,yes,Bad,36-45,169.04
< 0 DM,12,existing credits paid duly,education,795,< 100 DM,< 1 year,4,female: divorced/separated/married,none,4,building society/life insurance,53,none,own,1,skilled employee/official,1,none,yes,Bad,46-55,66.25
0 - 200 DM,24,critical / other credits existing,business,2825,unknown / no savings account,4 - 7 years,4,male: single,none,3,unknown / none,34,none,own,2,skilled employee/official,2,yes,yes,Good,26-35,117.71
0 - 200 DM,48,existing credits paid duly,business,15672,< 100 DM,1 - 4 years,2,male: single,none,2,car or other property,23,none,own,1,skilled employee/official,1,yes,yes,Bad,19-25,326.5
no checking account,36,critical / other credits existing,car (new),6614,< 100 DM,>= 7 years,4,male: single,none,4,car or other property,34,none,own,2,management/self-employed/highly qualified,1,yes,yes,Good,26-35,183.72
no checking account,28,all credits at this bank paid duly,car (used),7824,unknown / no savings account,< 1 year,3,male: single,guarantor,4,real estate,40,bank,rent,2,skilled employee/official,2,yes,yes,Good,36-45,279.43
< 0 DM,27,critical / other credits existing,business,2442,< 100 DM,>= 7 years,4,male: single,none,4,car or other property,43,stores,own,4,management/self-employed/highly qualified,2,yes,yes,Good,36-45,90.44
no checking account,15,critical / other credits existing,radio/tv,1829,< 100 DM,>= 7 years,4,male: single,none,4,car or other property,46,none,own,2,skilled employee/official,1,yes,yes,Good,46-55,121.93
< 0 DM,12,critical / other credits existing,car (new),2171,< 100 DM,1 - 4 years,4,male: single,none,4,building society/life insurance,38,bank,own,2,unskilled resident,1,none,no,Good,36-45,180.92
0 - 200 DM,36,critical / other credits existing,car (used),5800,< 100 DM,1 - 4 years,3,male: single,none,4,car or other property,34,none,own,2,skilled employee/official,1,yes,yes,Good,26-35,161.11
no checking account,18,critical / other credits existing,radio/tv,1169,unknown / no savings account,1 - 4 years,4,male: single,none,3,building society/life insurance,29,none,own,2,skilled employee/official,1,yes,yes,Good,26-35,64.94
no checking account,36,delay in past,car (used),8947,unknown / no savings account,4 - 7 years,3,male: single,none,2,car or other property,31,stores,own,1,management/self-employed/highly qualified,2,yes,yes,Good,26-35,248.53
< 0 DM,21,existing credits paid duly,radio/tv,2606,< 100 DM,< 1 year,4,female: divorced/separated/married,none,4,building society/life insurance,28,none,rent,1,management/self-employed/highly qualified,1,yes,yes,Good,26-35,124.1
no checking account,12,critical / other credits existing,furniture/equipment,1592,>= 1000 DM,4 - 7 years,3,female: divorced/separated/married,none,2,building society/life insurance,35,none,own,1,skilled employee/official,1,none,no,Good,26-35,132.67
no checking account,15,existing credits paid duly,furniture/equipment,2186,unknown / no savings account,4 - 7 years,1,female: divorced/separated/married,none,4,real estate,33,bank,rent,1,unskilled resident,1,none,yes,Good,26-35,145.73
< 0 DM,18,existing credits paid duly,furniture/equipment,4153,< 100 DM,1 - 4 years,2,male: single,co-applicant,3,car or other property,42,none,own,1,skilled employee/official,1,none,yes,Bad,36-45,230.72
< 0 DM,16,critical / other credits existing,car (new),2625,< 100 DM,>= 7 years,2,male: single,guarantor,4,building society/life insurance,43,bank,rent,1,skilled employee/official,1,yes,yes,Bad,36-45,164.06
no checking account,20,critical / other credits existing,car (new),3485,unknown / no savings account,< 1 year,2,male: divorced/separated,none,4,real estate,44,none,own,2,skilled employee/official,1,yes,yes,Good,36-45,174.25
no checking account,36,critical / other credits existing,car (used),10477,unknown / no savings account,>= 7 years,2,male: single,none,4,unknown / none,42,none,for free,2,skilled employee/official,1,none,yes,Good,36-45,291.03
no checking account,15,existing credits paid duly,radio/tv,1386,unknown / no savings account,1 - 4 years,4,male: married/widowed,none,2,real estate,40,none,rent,1,skilled employee/official,1,yes,yes,Good,36-45,92.4
no checking account,24,existing credits paid duly,radio/tv,1278,< 100 DM,>= 7 years,4,male: single,none,1,real estate,36,none,own,1,management/self-employed/highly qualified,1,yes,yes,Good,36-45,53.25
< 0 DM,12,existing credits paid duly,radio/tv,1107,< 100 DM,1 - 4 years,2,male: single,none,2,real estate,20,none,rent,1,management/self-employed/highly qualified,2,yes,yes,Good,19-25,92.25
< 0 DM,21,existing credits paid duly,car (new),3763,unknown / no savings account,4 - 7 years,2,male: single,co-applicant,2,real estate,24,none,own,1,unskilled resident,1,none,no,Good,19-25,179.19
0 - 200 DM,36,existing credits paid duly,education,3711,unknown / no savings account,1 - 4 years,2,male: married/widowed,none,2,car or other property,27,none,own,1,skilled employee/official,1,none,yes,Good,26-35,103.08
no checking account,15,delay in past,car (used),3594,< 100 DM,< 1 year,1,female: divorced/separated/married,none,2,building society/life insurance,46,none,own,2,unskilled resident,1,none,yes,Good,46-55,239.6
0 - 200 DM,9,existing credits paid duly,car (new),3195,unknown / no savings account,1 - 4 years,1,female: divorced/separated/married,none,2,real estate,33,none,own,1,unskilled resident,1,none,yes,Good,26-35,355.0
no checking account,36,delay in past,radio/tv,4454,< 100 DM,1 - 4 years,4,female: divorced/separated/married,none,4,real estate,34,none,own,2,skilled employee/official,1,none,yes,Good,26-35,123.72
0 - 200 DM,24,critical / other credits existing,furniture/equipment,4736,< 100 DM,< 1 year,2,female: divorced/separated/married,none,4,car or other property,25,bank,own,1,unskilled resident,1,none,yes,Bad,19-25,197.33
0 - 200 DM,30,existing credits paid duly,radio/tv,2991,unknown / no savings account,>= 7 years,2,female: divorced/separated/married,none,4,car or other property,25,none,own,1,skilled employee/official,1,none,yes,Good,19-25,99.7
no checking account,11,existing credits paid duly,business,2142,>= 1000 DM,>= 7 years,1,male: divorced/separated,none,2,real estate,28,none,own,1,skilled employee/official,1,yes,yes,Good,26-35,194.73
< 0 DM,24,all credits at this bank paid duly,business,3161,< 100 DM,1 - 4 years,4,male: single,none,2,building society/life insurance,31,none,rent,1,skilled employee/official,1,yes,yes,Bad,26-35,131.71
0 - 200 DM,48,no credits / all paid duly,other,18424,< 100 DM,1 - 4 years,1,female: divorced/separated/married,none,2,building society/life insurance,32,bank,own,1,management/self-employed/highly qualified,1,yes,no,Bad,26-35,383.83
no checking account,10,existing credits paid duly,car (used),2848,100 - 500 DM,1 - 4 years,1,male: single,co-applicant,2,real estate,32,none,own,1,skilled employee/official,2,none,yes,Good,26-35,284.8
< 0 DM,6,existing credits paid duly,car (new),14896,< 100 DM,>= 7 years,1,male: single,none,4,unknown / none,68,bank,own,1,management/self-employed/highly qualified,1,yes,yes,Bad,56+,2482.67
< 0 DM,24,existing credits paid duly,furniture/equipment,2359,100 - 500 DM,unemployed,1,male: divorced/separated,none,1,building society/life insurance,33,none,own,1,skilled employee/official,1,none,yes,Bad,26-35,98.29
< 0 DM,24,existing credits paid duly,furniture/equipment,3345,< 100 DM,>= 7 years,4,male: single,none,2,building society/life insurance,39,none,rent,1,management/self-employed/highly qualified,1,yes,yes,Bad,36-45,139.38
no checking account,18,critical / other credits existing,furniture/equipment,1817,< 100 DM,1 - 4 years,4,female: divorced/separated/married,none,2,unknown / none,28,none,own,2,skilled employee/official,1,none,yes,Good,26-35,100.94
no checking account,48,delay in past,radio/tv,12749,500 - 1000 DM,4 - 7 years,4,male: single,none,1,car or other property,37,none,own,1,management/self-employed/highly qualified,1,yes,yes,Good,36-45,265.6
< 0 DM,9,existing credits paid duly,radio/tv,1366,< 100 DM,< 1 year,3,female: divorced/separated/married,none,4,building society/life insurance,22,none,rent,1,skilled employee/official,1,none,yes,Bad,19-25,151.78
0 - 200 DM,12,existing credits paid duly,car (new),2002,< 100 DM,4 - 7 years,3,male: single,none,4,building society/life insurance,30,none,rent,1,skilled employee/official,2,yes,yes,Good,26-35,166.83
< 0 DM,24,all credits at this bank paid duly,furniture/equipment,6872,< 100 DM,< 1 year,2,male: divorced/separated,none,1,building society/life insurance,55,bank,own,1,skilled employee/official,1,yes,yes,Bad,46-55,286.33
< 0 DM,12,all credits at this bank paid duly,car (new),697,< 100 DM,< 1 year,4,male: single,none,2,car or other property,46,bank,own,2,skilled employee/official,1,yes,yes,Bad,46-55,58.08
< 0 DM,18,critical / other credits existing,furniture/equipment,1049,< 100 DM,< 1 year,4,female: divorced/separated/married,none,4,building society/life insurance,21,none,rent,1,skilled employee/official,1,none,yes,Good,19-25,58.28
< 0 DM,48,existing credits paid duly,car (used),10297,< 100 DM,4 - 7 years,4,male: single,none,4,unknown / none,39,stores,for free,3,skilled employee/official,2,yes,yes,Bad,36-45,214.52
no checking account,30,existing credits paid duly,radio/tv,1867,unknown / no savings account,>= 7 years,4,male: single,none,4,car or other property,58,none,own,1,skilled employee/official,1,yes,yes,Good,56+,62.23
< 0 DM,12,delay in past,car (new),1344,< 100 DM,1 - 4 years,4,male: single,none,2,real estate,43,none,own,2,unskilled resident,2,none,yes,Good,36-45,112.0
< 0 DM,24,existing credits paid duly,furniture/equipment,1747,< 100 DM,< 1 year,4,male: single,co-applicant,1,building society/life insurance,24,none,own,1,unskilled resident,1,none,no,Good,19-25,72.79
0 - 200 DM,9,existing credits paid duly,radio/tv,1670,< 100 DM,< 1 year,4,female: divorced/separated/married,none,2,car or other property,22,none,own,1,skilled employee/official,1,yes,yes,Bad,19-25,185.56
no checking account,9,critical / other credits existing,car (new),1224,< 100 DM,1 - 4 years,3,male: single,none,1,real estate,30,none,own,2,skilled employee/official,1,none,yes,Good,26-35,136.0
no checking account,12,critical / other credits existing,radio/tv,522,500 - 1000 DM,>= 7 years,4,male: single,none,4,building society/life insurance,42,none,own,2,skilled employee/official,2,yes,yes,Good,36-45,43.5
< 0 DM,12,existing credits paid duly,radio/tv,1498,< 100 DM,1 - 4 years,4,female: divorced/separated/married,none,1,car or other property,23,bank,own,1,skilled employee/official,1,none,yes,Good,19-25,124.83
0 - 200 DM,30,delay in past,radio/tv,1919,100 - 500 DM,< 1 year,4,male: single,none,3,unknown / none,30,stores,own,2,management/self-employed/highly qualified,1,none,yes,Bad,26-35,63.97
>= 200 DM,9,existing credits paid duly,radio/tv,745,< 100 DM,1 - 4 years,3,female: divorced/separated/married,none,2,real estate,28,none,own,1,unskilled resident,1,none,yes,Bad,26-35,82.78
0 - 200 DM,6,existing credits paid duly,radio/tv,2063,< 100 DM,< 1 year,4,male: married/widowed,none,3,car or other property,30,none,rent,1,management/self-employed/highly qualified,1,yes,yes,Good,26-35,343.83
0 - 200 DM,60,existing credits paid duly,education,6288,< 100 DM,1 - 4 years,4,male: single,none,4,unknown / none,42,none,for free,1,skilled employee/official,1,none,yes,Bad,36-45,104.8
no checking account,24,critical / other credits existing,car (used),6842,unknown / no savings account,1 - 4 years,2,male: single,none,4,building society/life insurance,46,none,own,2,management/self-employed/highly qualified,2,yes,yes,Good,46-55,285.08
no checking account,12,existing credits paid duly,car (new),3527,unknown / no savings account,< 1 year,2,male: single,none,3,building society/life insurance,45,none,own,1,management/self-employed/highly qualified,2,yes,yes,Good,36-45,293.92
no checking account,10,existing credits paid duly,car (new),1546,< 100 DM,1 - 4 years,3,male: single,none,2,real estate,31,none,own,1,unskilled resident,2,none,no,Good,26-35,154.6
no checking account,24,existing credits paid duly,furniture/equipment,929,unknown / no savings account,4 - 7 years,4,male: single,none,2,car or other property,31,stores,own,1,skilled employee/official,1,yes,yes,Good,26-35,38.71
no checking account,4,critical / other credits existing,car (new),1455,< 100 DM,4 - 7 years,2,male: single,none,1,real estate,42,none,own,3,unskilled resident,2,none,yes,Good,36-45,363.75
< 0 DM,15,existing credits paid duly,furniture/equipment,1845,< 100 DM,< 1 year,4,female: divorced/separated/married,guarantor,1,building society/life insurance,46,none,rent,1,skilled employee/official,1,none,yes,Good,46-55,123.0
0 - 200 DM,48,no credits / all paid duly,car (new),8358,500 - 1000 DM,< 1 year,1,female: divorced/separated/married,none,1,car or other property,30,none,own,2,skilled employee/official,1,none,yes,Good,26-35,174.12
< 0 DM,24,all credits at this bank paid duly,furniture/equipment,3349,500 - 1000 DM,< 1 year,4,male: single,none,4,unknown / none,30,none,for free,1,skilled employee/official,2,yes,yes,Bad,26-35,139.54
no checking account,12,existing credits paid duly,car (new),2859,unknown / no savings account,unemployed,4,male: single,none,4,unknown / none,38,none,own,1,management/self-employed/highly qualified,1,yes,yes,Good,36-45,238.25
no checking account,18,existing credits paid duly,furniture/equipment,1533,< 100 DM,< 1 year,4,male: married/widowed,co-applicant,1,building society/life insurance,43,none,own,1,unskilled resident,2,none,yes,Bad,36-45,85.17
no checking account,24,existing credits paid duly,radio/tv,3621,100 - 500 DM,>= 7 years,2,male: single,none,4,car or other property,31,none,own,2,skilled employee/official,1,none,yes,Bad,26-35,150.88
0 - 200 DM,18,critical / other credits existing,business,3590,< 100 DM,unemployed,3,male: married/widowed,none,3,car or other property,40,none,own,3,unemployed/unskilled non-resident,2,yes,yes,Good,36-45,199.44
< 0 DM,36,delay in past,business,2145,< 100 DM,4 - 7 years,2,male: single,none,1,car or other property,24,none,own,2,skilled employee/official,1,yes,yes,Bad,19-25,59.58
0 - 200 DM,24,existing credits paid duly,car (used),4113,500 - 1000 DM,< 1 year,3,female: divorced/separated/married,none,4,car or other property,28,none,rent,1,skilled employee/official,1,none,yes,Bad,26-35,171.38
no checking account,36,existing credits paid duly,furniture/equipment,10974,< 100 DM,unemployed,4,female: divorced/separated/married,none,2,car or other property,26,none,own,2,management/self-employed/highly qualified,1,yes,yes,Bad,26-35,304.83
< 0 DM,12,existing credits paid duly,car (new),1893,< 100 DM,1 - 4 years,4,female: divorced/separated/married,guarantor,4,building society/life insurance,29,none,own,1,skilled employee/official,1,yes,yes,Good,26-35,157.75
< 0 DM,24,critical / other credits existing,radio/tv,1231,>= 1000 DM,>= 7 years,4,female: divorced/separated/married,none,4,building society/life insurance,57,none,rent,2,management/self-employed/highly qualified,1,yes,yes,Good,56+,51.29
>= 200 DM,30,critical / other credits existing,radio/tv,3656,unknown / no savings account,>= 7 years,4,male: single,none,4,building society/life insurance,49,stores,own,2,unskilled resident,1,none,yes,Good,46-55,121.87
0 - 200 DM,9,critical / other credits existing,radio/tv,1154,< 100 DM,>= 7 years,2,male: single,none,4,real estate,37,none,own,3,unskilled resident,1,none,yes,Good,36-45,128.22
< 0 DM,28,existing credits paid duly,car (new),4006,< 100 DM,1 - 4 years,3,male: single,none,2,car or other property,45,none,own,1,unskilled resident,1,none,yes,Bad,36-45,143.07
0 - 200 DM,24,existing credits paid duly,furniture/equipment,3069,100 - 500 DM,>= 7 years,4,male: single,none,4,unknown / none,30,none,for free,1,skilled employee/official,1,none,yes,Good,26-35,127.88
no checking account,6,critical / other credits existing,radio/tv,1740,< 100 DM,>= 7 years,2,male: married/widowed,none,2,real estate,30,none,rent,2,skilled employee/official,1,none,yes,Good,26-35,290.0
0 - 200 DM,21,delay in past,car (new),2353,< 100 DM,1 - 4 years,1,male: divorced/separated,none,4,building society/life insurance,47,none,own,2,skilled employee/official,1,none,yes,Good,46-55,112.05
no checking account,15,existing credits paid duly,car (new),3556,unknown / no savings account,1 - 4 years,3,male: single,none,2,unknown / none,29,none,own,1,skilled employee/official,1,none,yes,Good,26-35,237.07
no checking account,24,existing credits paid duly,radio/tv,2397,500 - 1000 DM,>= 7 years,3,male: single,none,2,car or other property,35,bank,own,2,skilled employee/official,1,yes,yes,Bad,26-35,99.88
0 - 200 DM,6,existing credits paid duly,repairs,454,< 100 DM,< 1 year,3,male: married/widowed,none,1,building society/life insurance,22,none,own,1,unskilled resident,1,none,yes,Good,19-25,75.67
0 - 200 DM,30,existing credits paid duly,radio/tv,1715,unknown / no savings account,1 - 4 years,4,female: divorced/separated/married,none,1,car or other property,26,none,own,1,skilled employee/official,1,none,yes,Good,26-35,57.17
0 - 200 DM,27,critical / other credits existing,radio/tv,2520,500 - 1000 DM,1 - 4 years,4,male: single,none,2,building society/life insurance,23,none,own,2,unskilled resident,1,none,yes,Bad,19-25,93.33
no checking account,15,existing credits paid duly,radio/tv,3568,< 100 DM,>= 7 years,4,female: divorced/separated/married,none,2,car or other property,54,bank,rent,1,management/self-employed/highly qualified,1,yes,yes,Good,46-55,237.87
no checking account,42,existing credits paid duly,radio/tv,7166,unknown / no savings account,4 - 7 years,2,male: married/widowed,none,4,building society/life insurance,29,none,rent,1,skilled employee/official,1,yes,yes,Good,26-35,170.62
< 0 DM,11,critical / other credits existing,car (new),3939,< 100 DM,1 - 4 years,1,male: single,none,2,real estate,40,none,own,2,unskilled resident,2,none,yes,Good,36-45,358.09
0 - 200 DM,15,existing credits paid duly,repairs,1514,100 - 500 DM,1 - 4 years,4,male: single,guarantor,2,real estate,22,none,own,1,skilled employee/official,1,none,yes,Good,19-25,100.93
no checking account,24,existing credits paid duly,car (new),7393,< 100 DM,1 - 4 years,1,male: single,none,4,building society/life insurance,43,none,own,1,unskilled resident,2,none,yes,Good,36-45,308.04
< 0 DM,24,all credits at this bank paid duly,car (new),1193,< 100 DM,unemployed,1,female: divorced/separated/married,co-applicant,4,unknown / none,29,none,rent,2,unemployed/unskilled non-resident,1,none,yes,Bad,26-35,49.71
< 0 DM,60,existing credits paid duly,business,7297,< 100 DM,>= 7 years,4,male: single,co-applicant,4,unknown / none,36,none,rent,1,skilled employee/official,1,none,yes,Bad,36-45,121.62
no checking account,30,critical / other credits existing,radio/tv,2831,< 100 DM,1 - 4 years,4,female: divorced/separated/married,none,2,car or other property,33,none,own,1,skilled employee/official,1,yes,yes,Good,26-35,94.37
>= 200 DM,24,existing credits paid duly,radio/tv,1258,500 - 1000 DM,1 - 4 years,3,female: divorced/separated/married,none,3,car or other property,57,none,own,1,unskilled resident,1,none,yes,Good,56+,52.42
0 - 200 DM,6,existing credits paid duly,radio/tv,753,< 100 DM,1 - 4 years,2,female: divorced/separated/married,guarantor,3,real estate,64,none,own,1,skilled employee/official,1,none,yes,Good,56+,125.5
0 - 200 DM,18,delay in past,business,2427,unknown / no savings account,>= 7 years,4,male: single,none,2,building society/life insurance,42,none,own,2,skilled employee/official,1,none,yes,Good,36-45,134.83
no checking account,24,delay in past,car (new),2538,< 100 DM,>= 7 years,4,male: single,none,4,car or other property,47,none,own,2,unskilled resident,2,none,yes,Bad,46-55,105.75
0 - 200 DM,15,all credits at this bank paid duly,car (new),1264,100 - 500 DM,1 - 4 years,2,male: married/widowed,none,2,building society/life insurance,25,none,rent,1,skilled employee/official,1,none,yes,Bad,19-25,84.27
0 - 200 DM,30,critical / other credits existing,furniture/equipment,8386,< 100 DM,4 - 7 years,2,male: single,none,2,building society/life insurance,49,none,own,1,skilled employee/official,1,none,yes,Bad,46-55,279.53
no checking account,48,existing credits paid duly,business,4844,< 100 DM,unemployed,3,male: single,none,2,car or other property,33,bank,rent,1,management/self-employed/highly qualified,1,yes,yes,Bad,26-35,100.92
>= 200 DM,21,existing credits paid duly,car (new),2923,100 - 500 DM,1 - 4 years,1,female: divorced/separated/married,none,1,car or other property,28,bank,own,1,management/self-employed/highly qualified,1,yes,yes,Good,26-35,139.19
< 0 DM,36,existing credits paid duly,car (used),8229,< 100 DM,1 - 4 years,2,male: single,none,2,building society/life insurance,26,none,own,1,skilled employee/official,2,none,yes,Bad,26-35,228.58
no checking account,24,critical / other credits existing,furniture/equipment,2028,< 100 DM,4 - 7 years,2,male: single,none,2,building society/life insurance,30,none,own,2,unskilled resident,1,none,yes,Good,26-35,84.5
< 0 DM,15,critical / other credits existing,furniture/equipment,1433,< 100 DM,1 - 4 years,4,female: divorced/separated/married,none,3,building society/life insurance,25,none,rent,2,skilled employee/official,1,none,yes,Good,19-25,95.53
>= 200 DM,42,no credits / all paid duly,business,6289,< 100 DM,< 1 year,2,male: divorced/separated,none,1,building society/life insurance,33,none,own,2,skilled employee/official,1,none,yes,Good,26-35,149.74
no checking account,13,existing credits paid duly,radio/tv,1409,100 - 500 DM,unemployed,2,female: divorced/separated/married,none,4,real estate,64,none,own,1,skilled employee/official,1,none,yes,Good,56+,108.38
< 0 DM,24,existing credits paid duly,car (used),6579,< 100 DM,unemployed,4,male: single,none,2,unknown / none,29,none,for free,1,management/self-employed/highly qualified,1,yes,yes,Good,26-35,274.12
0 - 200 DM,24,critical / other credits existing,radio/tv,1743,< 100 DM,>= 7 years,4,male: single,none,2,building society/life insurance,48,none,own,2,unskilled resident,1,none,yes,Good,46-55,72.62
no checking account,12,critical / other credits existing,education,3565,unknown / no savings account,< 1 year,2,male: single,none,1,building society/life insurance,37,none,own,2,unskilled resident,2,none,yes,Good,36-45,297.08
no checking account,15,all credits at this bank paid duly,radio/tv,1569,100 - 500 DM,>= 7 years,4,male: single,none,4,car or other property,34,bank,own,1,unskilled resident,2,none,yes,Good,26-35,104.6
< 0 DM,18,existing credits paid duly,radio/tv,1936,unknown / no savings account,4 - 7 years,2,male: married/widowed,none,4,car or other property,23,none,rent,2,unskilled resident,1,none,yes,Good,19-25,107.56
< 0 DM,36,existing credits paid duly,furniture/equipment,3959,< 100 DM,unemployed,4,male: single,none,3,building society/life insurance,30,none,own,1,management/self-employed/highly qualified,1,yes,yes,Good,26-35,109.97
no checking account,12,existing credits paid duly,car (new),2390,unknown / no savings account,>= 7 years,4,male: single,none,3,car or other property,50,none,own,1,skilled employee/official,1,yes,yes,Good,46-55,199.17
no checking account,12,existing credits paid duly,furniture/equipment,1736,< 100 DM,4 - 7 years,3,female: divorced/separated/married,none,4,real estate,31,none,own,1,unskilled resident,1,none,yes,Good,26-35,144.67
< 0 DM,30,existing credits paid duly,car (used),3857,< 100 DM,1 - 4 years,4,male: divorced/separated,none,4,building society/life insurance,40,none,own,1,management/self-employed/highly qualified,1,yes,yes,Good,36-45,128.57
no checking account,12,existing credits paid duly,radio/tv,804,< 100 DM,>= 7 years,4,male: single,none,4,car or other property,38,none,own,1,skilled employee/official,1,none,yes,Good,36-45,67.0
< 0 DM,45,existing credits paid duly,radio/tv,1845,< 100 DM,1 - 4 years,4,male: single,none,4,unknown / none,23,none,for free,1,skilled employee/official,1,yes,yes,Bad,19-25,41.0
0 - 200 DM,45,critical / other credits existing,car (used),4576,100 - 500 DM,unemployed,3,male: single,none,4,car or other property,27,none,own,1,skilled employee/official,1,none,yes,Good,26-35,101.69
